generated_at,day,city,var,forecast_value,observed_value
2025-08-26T16:55:19Z,2025-07-28,Cape Town,temperature_2m,17.0125,14.41666666666667
2025-08-26T16:55:19Z,2025-07-28,Cape Town,precipitation,0.0,0.0
2025-08-26T16:55:19Z,2025-07-28,Cape Town,wind_speed_10m,7.1499999999999995,4.216666666666667
2025-08-26T16:55:19Z,2025-07-29,Cape Town,temperature_2m,19.833333333333332,19.291666666666668
2025-08-26T16:55:19Z,2025-07-29,Cape Town,precipitation,0.0,0.2
2025-08-26T16:55:19Z,2025-07-29,Cape Town,wind_speed_10m,21.162499999999998,11.075000000000003
2025-08-26T16:55:19Z,2025-07-30,Cape Town,temperature_2m,15.133333333333333,14.108333333333333
2025-08-26T16:55:19Z,2025-07-30,Cape Town,precipitation,16.700000000000003,25.6
2025-08-26T16:55:19Z,2025-07-30,Cape Town,wind_speed_10m,34.86666666666667,19.675
2025-08-26T16:55:19Z,2025-07-31,Cape Town,temperature_2m,13.133333333333331,11.404166666666667
2025-08-26T16:55:19Z,2025-07-31,Cape Town,precipitation,5.499999999999999,2.2
2025-08-26T16:55:19Z,2025-07-31,Cape Town,wind_speed_10m,27.69583333333333,11.945833333333333
2025-08-26T16:55:19Z,2025-08-01,Cape Town,temperature_2m,13.312499999999998,9.791666666666666
2025-08-26T16:55:19Z,2025-08-01,Cape Town,precipitation,0.0,0.0
2025-08-26T16:55:19Z,2025-08-01,Cape Town,wind_speed_10m,12.1875,6.045833333333333
2025-08-26T16:55:19Z,2025-08-02,Cape Town,temperature_2m,17.62083333333333,14.029166666666663
2025-08-26T16:55:19Z,2025-08-02,Cape Town,precipitation,0.0,0.0
2025-08-26T16:55:19Z,2025-08-02,Cape Town,wind_speed_10m,10.133333333333333,6.316666666666666
2025-08-26T16:55:19Z,2025-08-03,Cape Town,temperature_2m,15.866666666666669,16.470833333333335
2025-08-26T16:55:19Z,2025-08-03,Cape Town,precipitation,0.0,1.0
2025-08-26T16:55:19Z,2025-08-03,Cape Town,wind_speed_10m,33.225,17.54583333333333
2025-08-26T16:55:19Z,2025-08-04,Cape Town,temperature_2m,14.1625,13.291666666666664
2025-08-26T16:55:19Z,2025-08-04,Cape Town,precipitation,22.999999999999996,15.399999999999997
2025-08-26T16:55:19Z,2025-08-04,Cape Town,wind_speed_10m,32.55833333333332,18.762500000000003
2025-08-26T16:55:19Z,2025-08-05,Cape Town,temperature_2m,12.975,11.29166666666667
2025-08-26T16:55:19Z,2025-08-05,Cape Town,precipitation,15.899999999999997,7.999999999999999
2025-08-26T16:55:19Z,2025-08-05,Cape Town,wind_speed_10m,15.779166666666669,8.304166666666665
2025-08-26T16:55:19Z,2025-08-06,Cape Town,temperature_2m,13.858333333333334,10.725
2025-08-26T16:55:19Z,2025-08-06,Cape Town,precipitation,1.0,0.2
2025-08-26T16:55:19Z,2025-08-06,Cape Town,wind_speed_10m,10.6875,4.166666666666667
2025-08-26T16:55:19Z,2025-08-07,Cape Town,temperature_2m,14.083333333333334,11.608333333333333
2025-08-26T16:55:19Z,2025-08-07,Cape Town,precipitation,0.9000000000000001,0.0
2025-08-26T16:55:19Z,2025-08-07,Cape Town,wind_speed_10m,6.641666666666667,3.5125000000000006
2025-08-26T16:55:19Z,2025-08-08,Cape Town,temperature_2m,14.699999999999998,12.516666666666666
2025-08-26T16:55:19Z,2025-08-08,Cape Town,precipitation,0.0,0.0
2025-08-26T16:55:19Z,2025-08-08,Cape Town,wind_speed_10m,4.2749999999999995,3.229166666666666
2025-08-26T16:55:19Z,2025-08-09,Cape Town,temperature_2m,14.362500000000004,12.012500000000001
2025-08-26T16:55:19Z,2025-08-09,Cape Town,precipitation,15.1,12.399999999999997
2025-08-26T16:55:19Z,2025-08-09,Cape Town,wind_speed_10m,34.22083333333334,17.45
2025-08-26T16:55:19Z,2025-08-10,Cape Town,temperature_2m,14.287500000000001,12.495833333333335
2025-08-26T16:55:19Z,2025-08-10,Cape Town,precipitation,1.5,1.4000000000000004
2025-08-26T16:55:19Z,2025-08-10,Cape Town,wind_speed_10m,18.770833333333332,8.029166666666667
2025-08-26T16:55:19Z,2025-08-11,Cape Town,temperature_2m,13.704166666666667,10.829166666666666
2025-08-26T16:55:19Z,2025-08-11,Cape Town,precipitation,0.0,0.0
2025-08-26T16:55:19Z,2025-08-11,Cape Town,wind_speed_10m,9.775,4.904166666666667
2025-08-26T16:55:19Z,2025-08-12,Cape Town,temperature_2m,14.35416666666667,11.566666666666668
2025-08-26T16:55:19Z,2025-08-12,Cape Town,precipitation,0.0,0.0
2025-08-26T16:55:19Z,2025-08-12,Cape Town,wind_speed_10m,5.887499999999999,3.6458333333333326
2025-08-26T16:55:19Z,2025-08-13,Cape Town,temperature_2m,13.691666666666668,10.491666666666665
2025-08-26T16:55:19Z,2025-08-13,Cape Town,precipitation,0.0,0.0
2025-08-26T16:55:19Z,2025-08-13,Cape Town,wind_speed_10m,5.954166666666667,3.6375000000000006
2025-08-26T16:55:19Z,2025-08-14,Cape Town,temperature_2m,14.324999999999998,11.729166666666666
2025-08-26T16:55:19Z,2025-08-14,Cape Town,precipitation,0.0,0.0
2025-08-26T16:55:19Z,2025-08-14,Cape Town,wind_speed_10m,7.495833333333334,3.545833333333334
2025-08-26T16:55:19Z,2025-08-15,Cape Town,temperature_2m,14.708333333333334,12.695833333333331
2025-08-26T16:55:19Z,2025-08-15,Cape Town,precipitation,0.30000000000000004,0.5
2025-08-26T16:55:19Z,2025-08-15,Cape Town,wind_speed_10m,8.754166666666665,4.695833333333334
2025-08-26T16:55:19Z,2025-08-16,Cape Town,temperature_2m,14.795833333333336,10.8
2025-08-26T16:55:19Z,2025-08-16,Cape Town,precipitation,5.1,0.0
2025-08-26T16:55:19Z,2025-08-16,Cape Town,wind_speed_10m,20.962499999999995,5.3
2025-08-26T16:55:19Z,2025-08-17,Cape Town,temperature_2m,15.133333333333331,14.35
2025-08-26T16:55:19Z,2025-08-17,Cape Town,precipitation,0.0,0.0
2025-08-26T16:55:19Z,2025-08-17,Cape Town,wind_speed_10m,13.716666666666669,7.816666666666666
2025-08-26T16:55:19Z,2025-08-18,Cape Town,temperature_2m,15.316666666666668,13.600000000000001
2025-08-26T16:55:19Z,2025-08-18,Cape Town,precipitation,0.0,0.0
2025-08-26T16:55:19Z,2025-08-18,Cape Town,wind_speed_10m,7.195833333333334,12.470833333333331
2025-08-26T16:55:19Z,2025-08-19,Cape Town,temperature_2m,15.191666666666668,14.266666666666666
2025-08-26T16:55:19Z,2025-08-19,Cape Town,precipitation,3.0,2.8000000000000003
2025-08-26T16:55:19Z,2025-08-19,Cape Town,wind_speed_10m,7.412499999999999,9.445833333333335
2025-08-26T16:55:19Z,2025-08-20,Cape Town,temperature_2m,14.9625,14.120833333333332
2025-08-26T16:55:19Z,2025-08-20,Cape Town,precipitation,1.8000000000000003,0.0
2025-08-26T16:55:19Z,2025-08-20,Cape Town,wind_speed_10m,18.258333333333333,21.466666666666665
2025-08-26T16:55:19Z,2025-08-21,Cape Town,temperature_2m,15.179166666666669,14.875
2025-08-26T16:55:19Z,2025-08-21,Cape Town,precipitation,2.8000000000000003,0.0
2025-08-26T16:55:19Z,2025-08-21,Cape Town,wind_speed_10m,17.1,16.5
2025-08-26T16:55:19Z,2025-08-22,Cape Town,temperature_2m,14.512500000000003,14.375
2025-08-26T16:55:19Z,2025-08-22,Cape Town,precipitation,6.800000000000002,3.3000000000000003
2025-08-26T16:55:19Z,2025-08-22,Cape Town,wind_speed_10m,27.666666666666668,25.641666666666662
2025-08-26T16:55:19Z,2025-08-23,Cape Town,temperature_2m,14.499999999999998,13.416666666666666
2025-08-26T16:55:19Z,2025-08-23,Cape Town,precipitation,3.3000000000000003,4.8
2025-08-26T16:55:19Z,2025-08-23,Cape Town,wind_speed_10m,32.5375,23.333333333333332
2025-08-26T16:55:19Z,2025-08-24,Cape Town,temperature_2m,14.416666666666664,12.083333333333334
2025-08-26T16:55:19Z,2025-08-24,Cape Town,precipitation,0.4,0.0
2025-08-26T16:55:19Z,2025-08-24,Cape Town,wind_speed_10m,13.549999999999999,8.041666666666666
2025-08-26T16:55:19Z,2025-08-25,Cape Town,temperature_2m,15.295833333333334,13.095833333333333
2025-08-26T16:55:19Z,2025-08-25,Cape Town,precipitation,0.0,0.0
2025-08-26T16:55:19Z,2025-08-25,Cape Town,wind_speed_10m,16.416666666666664,12.924999999999999
2025-08-26T16:55:19Z,2025-08-26,Cape Town,temperature_2m,15.8,11.3
2025-08-26T16:55:19Z,2025-08-26,Cape Town,precipitation,0.0,0.0
2025-08-26T16:55:19Z,2025-08-26,Cape Town,wind_speed_10m,14.3,16.7
