generated_at,day,city,var,horizon_hours,mae,rmse,bias
2025-08-20T19:45:51Z,2025-07-22,Cape Town,precipitation,0,0.0,0.0,0.0
2025-08-20T19:45:51Z,2025-07-22,Cape Town,precipitation,1,0.0,0.0,0.0
2025-08-20T19:45:51Z,2025-07-22,Cape Town,precipitation,2,0.0,0.0,0.0
2025-08-20T19:45:51Z,2025-07-22,Cape Town,precipitation,3,0.0,0.0,0.0
2025-08-20T19:45:51Z,2025-07-22,Cape Town,precipitation,4,0.0,0.0,0.0
2025-08-20T19:45:51Z,2025-07-22,Cape Town,precipitation,5,0.0,0.0,0.0
2025-08-20T19:45:51Z,2025-07-22,Cape Town,temperature_2m,0,3.4499999999999993,3.9818337484129085,3.4499999999999993
2025-08-20T19:45:51Z,2025-07-22,Cape Town,temperature_2m,1,3.0500000000000007,3.5149679941643854,3.0
2025-08-20T19:45:51Z,2025-07-22,Cape Town,temperature_2m,2,2.925000000000001,3.423813663153999,2.925000000000001
2025-08-20T19:45:51Z,2025-07-22,Cape Town,temperature_2m,3,2.85,3.345145736735547,2.85
2025-08-20T19:45:51Z,2025-07-22,Cape Town,temperature_2m,4,3.0999999999999996,3.610401639707139,3.0999999999999996
2025-08-20T19:45:51Z,2025-07-22,Cape Town,temperature_2m,5,3.5249999999999995,4.0277164746292655,3.3249999999999993
2025-08-20T19:45:51Z,2025-07-22,Cape Town,wind_speed_10m,0,10.374999999999998,10.968021699467958,10.374999999999998
2025-08-20T19:45:51Z,2025-07-22,Cape Town,wind_speed_10m,1,10.524999999999999,10.881291283666659,10.524999999999999
2025-08-20T19:45:51Z,2025-07-22,Cape Town,wind_speed_10m,2,10.35,10.80532276241668,10.35
2025-08-20T19:45:51Z,2025-07-22,Cape Town,wind_speed_10m,3,9.850000000000001,10.67778066828496,9.850000000000001
2025-08-20T19:45:51Z,2025-07-22,Cape Town,wind_speed_10m,4,9.425,10.903554466319687,9.425
2025-08-20T19:45:51Z,2025-07-22,Cape Town,wind_speed_10m,5,9.625,11.441481547422082,9.625
2025-08-20T19:45:51Z,2025-07-23,Cape Town,precipitation,0,0.0,0.0,0.0
2025-08-20T19:45:51Z,2025-07-23,Cape Town,precipitation,1,0.0,0.0,0.0
2025-08-20T19:45:51Z,2025-07-23,Cape Town,precipitation,2,0.0,0.0,0.0
2025-08-20T19:45:51Z,2025-07-23,Cape Town,precipitation,3,0.0,0.0,0.0
2025-08-20T19:45:51Z,2025-07-23,Cape Town,precipitation,4,0.0,0.0,0.0
2025-08-20T19:45:51Z,2025-07-23,Cape Town,precipitation,5,0.0,0.0,0.0
2025-08-20T19:45:51Z,2025-07-23,Cape Town,temperature_2m,0,3.8000000000000007,4.627634384866636,3.8000000000000007
2025-08-20T19:45:51Z,2025-07-23,Cape Town,temperature_2m,1,3.55,4.27375712927162,3.45
2025-08-20T19:45:51Z,2025-07-23,Cape Town,temperature_2m,2,3.349999999999999,4.079828427765069,3.349999999999999
2025-08-20T19:45:51Z,2025-07-23,Cape Town,temperature_2m,3,3.1749999999999994,3.960744879438715,3.1749999999999994
2025-08-20T19:45:51Z,2025-07-23,Cape Town,temperature_2m,4,3.0999999999999996,3.898076448711595,3.0999999999999996
2025-08-20T19:45:51Z,2025-07-23,Cape Town,temperature_2m,5,2.9499999999999997,3.745664160065608,2.85
2025-08-20T19:45:51Z,2025-07-23,Cape Town,wind_speed_10m,0,6.3999999999999995,6.491918052471087,6.3999999999999995
2025-08-20T19:45:51Z,2025-07-23,Cape Town,wind_speed_10m,1,5.199999999999999,5.28441103624614,5.199999999999999
2025-08-20T19:45:51Z,2025-07-23,Cape Town,wind_speed_10m,2,5.5249999999999995,5.666348030257231,5.5249999999999995
2025-08-20T19:45:51Z,2025-07-23,Cape Town,wind_speed_10m,3,6.074999999999999,6.089950738717021,6.074999999999999
2025-08-20T19:45:51Z,2025-07-23,Cape Town,wind_speed_10m,4,6.25,6.421448434738069,6.25
2025-08-20T19:45:51Z,2025-07-23,Cape Town,wind_speed_10m,5,6.525000000000001,6.854742883580682,6.525000000000001
2025-08-20T19:45:51Z,2025-07-24,Cape Town,precipitation,0,0.0,0.0,0.0
2025-08-20T19:45:51Z,2025-07-24,Cape Town,precipitation,1,0.0,0.0,0.0
2025-08-20T19:45:51Z,2025-07-24,Cape Town,precipitation,2,0.05,0.1,0.05
2025-08-20T19:45:51Z,2025-07-24,Cape Town,precipitation,3,0.049999999999999996,0.07071067811865475,-6.938893903907228e-18
2025-08-20T19:45:51Z,2025-07-24,Cape Town,precipitation,4,0.17500000000000002,0.304138126514911,-0.17500000000000002
2025-08-20T19:45:51Z,2025-07-24,Cape Town,precipitation,5,0.025,0.05,-0.025
2025-08-20T19:45:51Z,2025-07-24,Cape Town,temperature_2m,0,1.8250000000000002,1.8953891421024869,1.2250000000000005
2025-08-20T19:45:51Z,2025-07-24,Cape Town,temperature_2m,1,1.9250000000000007,2.0168044030098713,1.2750000000000004
2025-08-20T19:45:51Z,2025-07-24,Cape Town,temperature_2m,2,1.5500000000000003,1.7578395831246947,1.15
2025-08-20T19:45:51Z,2025-07-24,Cape Town,temperature_2m,3,1.1500000000000004,1.4335271186831453,1.1500000000000004
2025-08-20T19:45:51Z,2025-07-24,Cape Town,temperature_2m,4,1.4249999999999998,1.6007810593582121,1.4249999999999998
2025-08-20T19:45:51Z,2025-07-24,Cape Town,temperature_2m,5,1.4499999999999993,1.623268308074792,1.3499999999999996
2025-08-20T19:45:51Z,2025-07-24,Cape Town,wind_speed_10m,0,5.4,5.874946808269842,5.4
2025-08-20T19:45:51Z,2025-07-24,Cape Town,wind_speed_10m,1,5.85,6.391400472509918,5.85
2025-08-20T19:45:51Z,2025-07-24,Cape Town,wind_speed_10m,2,6.475,6.827334765484991,6.475
2025-08-20T19:45:51Z,2025-07-24,Cape Town,wind_speed_10m,3,7.675000000000001,8.808660511110642,7.675000000000001
2025-08-20T19:45:51Z,2025-07-24,Cape Town,wind_speed_10m,4,9.899999999999999,11.53668063179353,9.899999999999999
2025-08-20T19:45:51Z,2025-07-24,Cape Town,wind_speed_10m,5,7.925000000000001,8.533317057276145,7.925000000000001
2025-08-20T19:45:51Z,2025-07-25,Cape Town,precipitation,0,0.0,0.0,0.0
2025-08-20T19:45:51Z,2025-07-25,Cape Town,precipitation,1,0.0,0.0,0.0
2025-08-20T19:45:51Z,2025-07-25,Cape Town,precipitation,2,0.0,0.0,0.0
2025-08-20T19:45:51Z,2025-07-25,Cape Town,precipitation,3,0.0,0.0,0.0
2025-08-20T19:45:51Z,2025-07-25,Cape Town,precipitation,4,0.025,0.05,-0.025
2025-08-20T19:45:51Z,2025-07-25,Cape Town,precipitation,5,0.025,0.05,-0.025
2025-08-20T19:45:51Z,2025-07-25,Cape Town,temperature_2m,0,2.2749999999999995,2.722590678012396,2.175
2025-08-20T19:45:51Z,2025-07-25,Cape Town,temperature_2m,1,2.1249999999999996,2.441823089414956,1.9250000000000003
2025-08-20T19:45:51Z,2025-07-25,Cape Town,temperature_2m,2,2.3000000000000003,2.8853076092507024,2.3000000000000003
2025-08-20T19:45:51Z,2025-07-25,Cape Town,temperature_2m,3,2.2,2.95550334122633,2.2
2025-08-20T19:45:51Z,2025-07-25,Cape Town,temperature_2m,4,2.675,3.2392128673491034,2.675
2025-08-20T19:45:51Z,2025-07-25,Cape Town,temperature_2m,5,3.0,3.427827300200522,3.0
2025-08-20T19:45:51Z,2025-07-25,Cape Town,wind_speed_10m,0,16.35,16.878832898041264,16.35
2025-08-20T19:45:51Z,2025-07-25,Cape Town,wind_speed_10m,1,13.899999999999999,14.50844581614447,13.899999999999999
2025-08-20T19:45:51Z,2025-07-25,Cape Town,wind_speed_10m,2,14.05,14.42029819386548,14.05
2025-08-20T19:45:51Z,2025-07-25,Cape Town,wind_speed_10m,3,14.849999999999998,15.213480864023197,14.849999999999998
2025-08-20T19:45:51Z,2025-07-25,Cape Town,wind_speed_10m,4,15.325000000000003,16.07661344935556,15.325000000000003
2025-08-20T19:45:51Z,2025-07-25,Cape Town,wind_speed_10m,5,16.125,17.596377468104052,16.125
2025-08-20T19:45:51Z,2025-07-26,Cape Town,precipitation,0,0.0,0.0,0.0
2025-08-20T19:45:51Z,2025-07-26,Cape Town,precipitation,1,0.0,0.0,0.0
2025-08-20T19:45:51Z,2025-07-26,Cape Town,precipitation,2,0.0,0.0,0.0
2025-08-20T19:45:51Z,2025-07-26,Cape Town,precipitation,3,0.0,0.0,0.0
2025-08-20T19:45:51Z,2025-07-26,Cape Town,precipitation,4,0.0,0.0,0.0
2025-08-20T19:45:51Z,2025-07-26,Cape Town,precipitation,5,0.0,0.0,0.0
2025-08-20T19:45:51Z,2025-07-26,Cape Town,temperature_2m,0,2.6250000000000004,3.117290490153268,2.5750000000000006
2025-08-20T19:45:51Z,2025-07-26,Cape Town,temperature_2m,1,2.4250000000000003,3.094753625088756,2.3249999999999997
2025-08-20T19:45:51Z,2025-07-26,Cape Town,temperature_2m,2,2.125,3.0286135441815616,2.125
2025-08-20T19:45:51Z,2025-07-26,Cape Town,temperature_2m,3,2.0750000000000006,2.9098969053902928,2.0750000000000006
2025-08-20T19:45:51Z,2025-07-26,Cape Town,temperature_2m,4,2.325,2.9618406439239777,2.2250000000000005
2025-08-20T19:45:51Z,2025-07-26,Cape Town,temperature_2m,5,2.3749999999999996,2.9381116384507924,2.275
2025-08-20T19:45:51Z,2025-07-26,Cape Town,wind_speed_10m,0,12.975000000000001,13.374883177059903,12.975000000000001
2025-08-20T19:45:51Z,2025-07-26,Cape Town,wind_speed_10m,1,13.05,13.340352319185575,13.05
2025-08-20T19:45:51Z,2025-07-26,Cape Town,wind_speed_10m,2,12.35,12.528567356246285,12.35
2025-08-20T19:45:51Z,2025-07-26,Cape Town,wind_speed_10m,3,11.875,12.345950753182196,11.875
2025-08-20T19:45:51Z,2025-07-26,Cape Town,wind_speed_10m,4,11.649999999999999,11.850105484762572,11.649999999999999
2025-08-20T19:45:51Z,2025-07-26,Cape Town,wind_speed_10m,5,12.8,13.020176650107324,12.8
2025-08-20T19:45:51Z,2025-07-27,Cape Town,precipitation,0,0.0,0.0,0.0
2025-08-20T19:45:51Z,2025-07-27,Cape Town,precipitation,1,0.0,0.0,0.0
2025-08-20T19:45:51Z,2025-07-27,Cape Town,precipitation,2,0.0,0.0,0.0
2025-08-20T19:45:51Z,2025-07-27,Cape Town,precipitation,3,0.0,0.0,0.0
2025-08-20T19:45:51Z,2025-07-27,Cape Town,precipitation,4,0.0,0.0,0.0
2025-08-20T19:45:51Z,2025-07-27,Cape Town,precipitation,5,0.0,0.0,0.0
2025-08-20T19:45:51Z,2025-07-27,Cape Town,temperature_2m,0,3.150000000000001,3.5630043502639737,2.6999999999999997
2025-08-20T19:45:51Z,2025-07-27,Cape Town,temperature_2m,1,3.2500000000000004,3.4066112193791653,2.5000000000000004
2025-08-20T19:45:51Z,2025-07-27,Cape Town,temperature_2m,2,3.05,3.3090784215548594,2.3500000000000005
2025-08-20T19:45:51Z,2025-07-27,Cape Town,temperature_2m,3,2.7,3.2733774606665818,2.3
2025-08-20T19:45:51Z,2025-07-27,Cape Town,temperature_2m,4,2.875,3.5471819801075894,2.875
2025-08-20T19:45:51Z,2025-07-27,Cape Town,temperature_2m,5,3.4750000000000005,3.95,3.175
2025-08-20T19:45:51Z,2025-07-27,Cape Town,wind_speed_10m,0,7.7250000000000005,9.506971126494495,7.7250000000000005
2025-08-20T19:45:51Z,2025-07-27,Cape Town,wind_speed_10m,1,7.2250000000000005,9.303090884216923,7.2250000000000005
2025-08-20T19:45:51Z,2025-07-27,Cape Town,wind_speed_10m,2,7.6499999999999995,9.046822646653355,7.6499999999999995
2025-08-20T19:45:51Z,2025-07-27,Cape Town,wind_speed_10m,3,7.5,8.66458308287248,7.5
2025-08-20T19:45:51Z,2025-07-27,Cape Town,wind_speed_10m,4,7.199999999999999,8.348353131007338,7.199999999999999
2025-08-20T19:45:51Z,2025-07-27,Cape Town,wind_speed_10m,5,5.7250000000000005,6.933072911775846,5.7250000000000005
2025-08-20T19:45:51Z,2025-07-28,Cape Town,precipitation,0,0.0,0.0,0.0
2025-08-20T19:45:51Z,2025-07-28,Cape Town,precipitation,1,0.0,0.0,0.0
2025-08-20T19:45:51Z,2025-07-28,Cape Town,precipitation,2,0.0,0.0,0.0
2025-08-20T19:45:51Z,2025-07-28,Cape Town,precipitation,3,0.0,0.0,0.0
2025-08-20T19:45:51Z,2025-07-28,Cape Town,precipitation,4,0.0,0.0,0.0
2025-08-20T19:45:51Z,2025-07-28,Cape Town,precipitation,5,0.0,0.0,0.0
2025-08-20T19:45:51Z,2025-07-28,Cape Town,temperature_2m,0,4.800000000000001,5.273044661293891,3.25
2025-08-20T19:45:51Z,2025-07-28,Cape Town,temperature_2m,1,4.2749999999999995,4.56864312460494,2.4750000000000005
2025-08-20T19:45:51Z,2025-07-28,Cape Town,temperature_2m,2,3.424999999999999,3.895189340712463,2.0250000000000004
2025-08-20T19:45:51Z,2025-07-28,Cape Town,temperature_2m,3,3.024999999999999,3.9884207400924985,2.0749999999999997
2025-08-20T19:45:51Z,2025-07-28,Cape Town,temperature_2m,4,3.8999999999999995,4.629794811868017,2.8500000000000005
2025-08-20T19:45:51Z,2025-07-28,Cape Town,temperature_2m,5,4.3500000000000005,4.930517214248421,2.8999999999999995
2025-08-20T19:45:51Z,2025-07-28,Cape Town,wind_speed_10m,0,2.2249999999999996,2.608160271148995,2.2249999999999996
2025-08-20T19:45:51Z,2025-07-28,Cape Town,wind_speed_10m,1,2.4999999999999996,3.359315406448164,2.0999999999999996
2025-08-20T19:45:51Z,2025-07-28,Cape Town,wind_speed_10m,2,2.825,3.7646380968162134,2.825
2025-08-20T19:45:51Z,2025-07-28,Cape Town,wind_speed_10m,3,3.5,4.074923312161838,3.5
2025-08-20T19:45:51Z,2025-07-28,Cape Town,wind_speed_10m,4,3.8,4.282522621072771,3.8
2025-08-20T19:45:51Z,2025-07-28,Cape Town,wind_speed_10m,5,3.15,3.5163901945034484,3.15
2025-08-20T19:45:51Z,2025-07-29,Cape Town,precipitation,0,0.0,0.0,0.0
2025-08-20T19:45:51Z,2025-07-29,Cape Town,precipitation,1,0.0,0.0,0.0
2025-08-20T19:45:51Z,2025-07-29,Cape Town,precipitation,2,0.0,0.0,0.0
2025-08-20T19:45:51Z,2025-07-29,Cape Town,precipitation,3,0.05,0.1,-0.05
2025-08-20T19:45:51Z,2025-07-29,Cape Town,precipitation,4,0.0,0.0,0.0
2025-08-20T19:45:51Z,2025-07-29,Cape Town,precipitation,5,0.0,0.0,0.0
2025-08-20T19:45:51Z,2025-07-29,Cape Town,temperature_2m,0,4.425000000000001,4.6040742826327214,0.7250000000000001
2025-08-20T19:45:51Z,2025-07-29,Cape Town,temperature_2m,1,4.324999999999999,4.468500867181296,0.9249999999999994
2025-08-20T19:45:51Z,2025-07-29,Cape Town,temperature_2m,2,3.25,3.7596542394214922,0.9000000000000004
2025-08-20T19:45:51Z,2025-07-29,Cape Town,temperature_2m,3,3.1999999999999997,4.14909628714495,0.5000000000000004
2025-08-20T19:45:51Z,2025-07-29,Cape Town,temperature_2m,4,3.675,4.576843890717707,0.3250000000000002
2025-08-20T19:45:51Z,2025-07-29,Cape Town,temperature_2m,5,3.7749999999999995,4.385487430149583,-0.12499999999999911
2025-08-20T19:45:51Z,2025-07-29,Cape Town,wind_speed_10m,0,6.025,7.4680988209851655,6.025
2025-08-20T19:45:51Z,2025-07-29,Cape Town,wind_speed_10m,1,9.599999999999998,10.771954325933617,9.599999999999998
2025-08-20T19:45:51Z,2025-07-29,Cape Town,wind_speed_10m,2,11.525,12.203790394791284,11.525
2025-08-20T19:45:51Z,2025-07-29,Cape Town,wind_speed_10m,3,12.100000000000001,13.47831591854116,12.100000000000001
2025-08-20T19:45:51Z,2025-07-29,Cape Town,wind_speed_10m,4,11.75,13.816294727603346,11.75
2025-08-20T19:45:51Z,2025-07-29,Cape Town,wind_speed_10m,5,9.524999999999999,13.830130151231403,9.524999999999999
2025-08-20T19:45:51Z,2025-07-30,Cape Town,precipitation,0,1.25,2.026079958935481,-1.25
2025-08-20T19:45:51Z,2025-07-30,Cape Town,precipitation,1,1.125,1.5124483462254172,-1.125
2025-08-20T19:45:51Z,2025-07-30,Cape Town,precipitation,2,0.25,0.36055512754639896,-0.25
2025-08-20T19:45:51Z,2025-07-30,Cape Town,precipitation,3,0.25,0.32403703492039304,0.04999999999999999
2025-08-20T19:45:51Z,2025-07-30,Cape Town,precipitation,4,0.65,0.897217922246318,0.19999999999999996
2025-08-20T19:45:51Z,2025-07-30,Cape Town,precipitation,5,0.2499999999999999,0.3605551275463989,0.1499999999999999
2025-08-20T19:45:51Z,2025-07-30,Cape Town,temperature_2m,0,0.8999999999999999,0.9746794344808966,0.7500000000000004
2025-08-20T19:45:51Z,2025-07-30,Cape Town,temperature_2m,1,1.025,1.1011357772772619,1.025
2025-08-20T19:45:51Z,2025-07-30,Cape Town,temperature_2m,2,1.1499999999999995,1.2864680330268603,1.0499999999999998
2025-08-20T19:45:51Z,2025-07-30,Cape Town,temperature_2m,3,1.0249999999999995,1.175797601630484,1.0249999999999995
2025-08-20T19:45:51Z,2025-07-30,Cape Town,temperature_2m,4,1.1999999999999997,1.2549900398011131,1.1999999999999997
2025-08-20T19:45:51Z,2025-07-30,Cape Town,temperature_2m,5,1.1,1.161895003862225,1.1
2025-08-20T19:45:51Z,2025-07-30,Cape Town,wind_speed_10m,0,17.325,17.89308525660122,17.325
2025-08-20T19:45:51Z,2025-07-30,Cape Town,wind_speed_10m,1,14.499999999999998,14.829868509194544,14.499999999999998
2025-08-20T19:45:51Z,2025-07-30,Cape Town,wind_speed_10m,2,15.75,15.878759397383664,15.75
2025-08-20T19:45:51Z,2025-07-30,Cape Town,wind_speed_10m,3,14.0,14.421685061046093,14.0
2025-08-20T19:45:51Z,2025-07-30,Cape Town,wind_speed_10m,4,14.8,15.210687032478184,14.8
2025-08-20T19:45:51Z,2025-07-30,Cape Town,wind_speed_10m,5,14.775,14.90092279021672,14.775
2025-08-20T19:45:51Z,2025-07-31,Cape Town,precipitation,0,0.175,0.25,-0.02499999999999998
2025-08-20T19:45:51Z,2025-07-31,Cape Town,precipitation,1,0.22499999999999998,0.36400549446402586,0.22499999999999998
2025-08-20T19:45:51Z,2025-07-31,Cape Town,precipitation,2,0.07500000000000001,0.15000000000000002,0.07500000000000001
2025-08-20T19:45:51Z,2025-07-31,Cape Town,precipitation,3,0.25,0.45276925690687087,0.25
2025-08-20T19:45:51Z,2025-07-31,Cape Town,precipitation,4,0.32500000000000007,0.6020797289396148,0.275
2025-08-20T19:45:51Z,2025-07-31,Cape Town,precipitation,5,0.024999999999999994,0.04999999999999999,0.024999999999999994
2025-08-20T19:45:51Z,2025-07-31,Cape Town,temperature_2m,0,1.4999999999999996,1.7564168070250294,1.3000000000000003
2025-08-20T19:45:51Z,2025-07-31,Cape Town,temperature_2m,1,1.1249999999999996,1.5451537140362437,1.0749999999999997
2025-08-20T19:45:51Z,2025-07-31,Cape Town,temperature_2m,2,1.4999999999999991,2.250555486985379,1.3999999999999995
2025-08-20T19:45:51Z,2025-07-31,Cape Town,temperature_2m,3,2.0249999999999995,2.87706447616316,1.7749999999999997
2025-08-20T19:45:51Z,2025-07-31,Cape Town,temperature_2m,4,2.8,3.5482389998420336,2.3499999999999996
2025-08-20T19:45:51Z,2025-07-31,Cape Town,temperature_2m,5,2.925,3.755995207664674,2.4749999999999996
2025-08-20T19:45:51Z,2025-07-31,Cape Town,wind_speed_10m,0,14.575,15.288803092459526,14.575
2025-08-20T19:45:51Z,2025-07-31,Cape Town,wind_speed_10m,1,16.0,16.382154925405874,16.0
2025-08-20T19:45:51Z,2025-07-31,Cape Town,wind_speed_10m,2,15.674999999999999,16.098214186673,15.674999999999999
2025-08-20T19:45:51Z,2025-07-31,Cape Town,wind_speed_10m,3,16.2,16.501515081955354,16.2
2025-08-20T19:45:51Z,2025-07-31,Cape Town,wind_speed_10m,4,17.05,17.619449480616584,17.05
2025-08-20T19:45:51Z,2025-07-31,Cape Town,wind_speed_10m,5,15.000000000000002,15.700796158157077,15.000000000000002
2025-08-20T19:45:51Z,2025-08-01,Cape Town,precipitation,0,0.0,0.0,0.0
2025-08-20T19:45:51Z,2025-08-01,Cape Town,precipitation,1,0.0,0.0,0.0
2025-08-20T19:45:51Z,2025-08-01,Cape Town,precipitation,2,0.0,0.0,0.0
2025-08-20T19:45:51Z,2025-08-01,Cape Town,precipitation,3,0.0,0.0,0.0
2025-08-20T19:45:51Z,2025-08-01,Cape Town,precipitation,4,0.0,0.0,0.0
2025-08-20T19:45:51Z,2025-08-01,Cape Town,precipitation,5,0.0,0.0,0.0
2025-08-20T19:45:51Z,2025-08-01,Cape Town,temperature_2m,0,4.550000000000001,5.140525264989951,4.2
2025-08-20T19:45:51Z,2025-08-01,Cape Town,temperature_2m,1,4.074999999999999,4.569737410398982,3.5749999999999997
2025-08-20T19:45:51Z,2025-08-01,Cape Town,temperature_2m,2,3.1999999999999997,4.36749356038449,2.9
2025-08-20T19:45:51Z,2025-08-01,Cape Town,temperature_2m,3,3.400000000000001,4.431139808220906,2.9000000000000004
2025-08-20T19:45:51Z,2025-08-01,Cape Town,temperature_2m,4,4.025,4.851546145302547,3.525
2025-08-20T19:45:51Z,2025-08-01,Cape Town,temperature_2m,5,4.575,5.248094892434778,4.025
2025-08-20T19:45:51Z,2025-08-01,Cape Town,wind_speed_10m,0,7.824999999999999,8.841804114545853,7.824999999999999
2025-08-20T19:45:51Z,2025-08-01,Cape Town,wind_speed_10m,1,6.424999999999999,7.890025348501739,6.424999999999999
2025-08-20T19:45:51Z,2025-08-01,Cape Town,wind_speed_10m,2,6.825,8.219945255292155,6.825
2025-08-20T19:45:51Z,2025-08-01,Cape Town,wind_speed_10m,3,5.1499999999999995,6.072478900745559,4.8
2025-08-20T19:45:51Z,2025-08-01,Cape Town,wind_speed_10m,4,4.75,5.1073476482416975,4.75
2025-08-20T19:45:51Z,2025-08-01,Cape Town,wind_speed_10m,5,6.225,6.668770501374297,6.225
2025-08-20T19:45:51Z,2025-08-02,Cape Town,precipitation,0,0.0,0.0,0.0
2025-08-20T19:45:51Z,2025-08-02,Cape Town,precipitation,1,0.0,0.0,0.0
2025-08-20T19:45:51Z,2025-08-02,Cape Town,precipitation,2,0.0,0.0,0.0
2025-08-20T19:45:51Z,2025-08-02,Cape Town,precipitation,3,0.0,0.0,0.0
2025-08-20T19:45:51Z,2025-08-02,Cape Town,precipitation,4,0.0,0.0,0.0
2025-08-20T19:45:51Z,2025-08-02,Cape Town,precipitation,5,0.0,0.0,0.0
2025-08-20T19:45:51Z,2025-08-02,Cape Town,temperature_2m,0,5.174999999999999,5.853844890326357,4.324999999999999
2025-08-20T19:45:51Z,2025-08-02,Cape Town,temperature_2m,1,5.5249999999999995,5.888335927917156,4.2250000000000005
2025-08-20T19:45:51Z,2025-08-02,Cape Town,temperature_2m,2,5.025,5.515659525387694,3.625
2025-08-20T19:45:51Z,2025-08-02,Cape Town,temperature_2m,3,3.9250000000000003,5.084535377003488,3.1249999999999996
2025-08-20T19:45:51Z,2025-08-02,Cape Town,temperature_2m,4,3.6750000000000007,4.895661344496779,3.0749999999999993
2025-08-20T19:45:51Z,2025-08-02,Cape Town,temperature_2m,5,4.375000000000001,5.284174486142562,3.175
2025-08-20T19:45:51Z,2025-08-02,Cape Town,wind_speed_10m,0,3.125,3.6252586114648424,2.925
2025-08-20T19:45:51Z,2025-08-02,Cape Town,wind_speed_10m,1,3.95,4.028026812224566,2.25
2025-08-20T19:45:51Z,2025-08-02,Cape Town,wind_speed_10m,2,5.4,5.674063799429824,3.050000000000001
2025-08-20T19:45:51Z,2025-08-02,Cape Town,wind_speed_10m,3,6.7250000000000005,7.994216659560836,5.125000000000001
2025-08-20T19:45:51Z,2025-08-02,Cape Town,wind_speed_10m,4,5.375,7.579412906023791,4.7749999999999995
2025-08-20T19:45:51Z,2025-08-02,Cape Town,wind_speed_10m,5,5.375,8.33141644619929,4.775
2025-08-20T19:45:51Z,2025-08-03,Cape Town,precipitation,0,0.0,0.0,0.0
2025-08-20T19:45:51Z,2025-08-03,Cape Town,precipitation,1,0.025,0.05,-0.025
2025-08-20T19:45:51Z,2025-08-03,Cape Town,precipitation,2,0.025,0.05,-0.025
2025-08-20T19:45:51Z,2025-08-03,Cape Town,precipitation,3,0.05,0.1,-0.05
2025-08-20T19:45:51Z,2025-08-03,Cape Town,precipitation,4,0.075,0.15,-0.075
2025-08-20T19:45:51Z,2025-08-03,Cape Town,precipitation,5,0.075,0.15,-0.075
2025-08-20T19:45:51Z,2025-08-03,Cape Town,temperature_2m,0,2.3749999999999996,3.0162062263711342,0.02499999999999991
2025-08-20T19:45:51Z,2025-08-03,Cape Town,temperature_2m,1,2.1000000000000005,2.9146183283579354,-0.6500000000000004
2025-08-20T19:45:51Z,2025-08-03,Cape Town,temperature_2m,2,2.1249999999999996,2.631064423384574,-0.9750000000000001
2025-08-20T19:45:51Z,2025-08-03,Cape Town,temperature_2m,3,1.9749999999999992,2.2265444078212315,-0.9750000000000001
2025-08-20T19:45:51Z,2025-08-03,Cape Town,temperature_2m,4,1.8749999999999987,2.0994046775217003,-0.6249999999999996
2025-08-20T19:45:51Z,2025-08-03,Cape Town,temperature_2m,5,1.6749999999999994,2.2787057730211675,-0.42500000000000027
2025-08-20T19:45:51Z,2025-08-03,Cape Town,wind_speed_10m,0,13.675,13.956987497307576,13.675
2025-08-20T19:45:51Z,2025-08-03,Cape Town,wind_speed_10m,1,14.200000000000001,14.605820757492541,14.200000000000001
2025-08-20T19:45:51Z,2025-08-03,Cape Town,wind_speed_10m,2,15.524999999999999,16.132498256624732,15.524999999999999
2025-08-20T19:45:51Z,2025-08-03,Cape Town,wind_speed_10m,3,16.125,16.848516255148407,16.125
2025-08-20T19:45:51Z,2025-08-03,Cape Town,wind_speed_10m,4,16.875,17.532755060172374,16.875
2025-08-20T19:45:51Z,2025-08-03,Cape Town,wind_speed_10m,5,17.675,18.15110189492638,17.675
2025-08-20T19:45:51Z,2025-08-04,Cape Town,precipitation,0,0.65,0.8306623862918074,0.6
2025-08-20T19:45:51Z,2025-08-04,Cape Town,precipitation,1,0.625,0.8139410298049853,0.07499999999999996
2025-08-20T19:45:51Z,2025-08-04,Cape Town,precipitation,2,1.0,1.2288205727444508,0.10000000000000003
2025-08-20T19:45:51Z,2025-08-04,Cape Town,precipitation,3,0.575,0.6726812023536856,-0.07500000000000001
2025-08-20T19:45:51Z,2025-08-04,Cape Town,precipitation,4,0.8,0.9407443861113389,0.39999999999999997
2025-08-20T19:45:51Z,2025-08-04,Cape Town,precipitation,5,0.7999999999999999,0.8689073598491384,0.7999999999999999
2025-08-20T19:45:51Z,2025-08-04,Cape Town,temperature_2m,0,0.8500000000000001,0.9513148795220229,0.8500000000000001
2025-08-20T19:45:51Z,2025-08-04,Cape Town,temperature_2m,1,0.9249999999999998,0.9656603957913982,0.9249999999999998
2025-08-20T19:45:51Z,2025-08-04,Cape Town,temperature_2m,2,0.8999999999999995,0.9407443861113384,0.8999999999999995
2025-08-20T19:45:51Z,2025-08-04,Cape Town,temperature_2m,3,0.8750000000000004,0.9447221813845597,0.8750000000000004
2025-08-20T19:45:51Z,2025-08-04,Cape Town,temperature_2m,4,0.8999999999999999,1.0173494974687904,0.8999999999999999
2025-08-20T19:45:51Z,2025-08-04,Cape Town,temperature_2m,5,0.7749999999999995,0.87034475927646,0.7749999999999995
2025-08-20T19:45:51Z,2025-08-04,Cape Town,wind_speed_10m,0,14.624999999999998,15.513945339596889,14.624999999999998
2025-08-20T19:45:51Z,2025-08-04,Cape Town,wind_speed_10m,1,13.149999999999999,14.093438189455403,13.149999999999999
2025-08-20T19:45:51Z,2025-08-04,Cape Town,wind_speed_10m,2,13.175,13.994552511602505,13.175
2025-08-20T19:45:51Z,2025-08-04,Cape Town,wind_speed_10m,3,15.225000000000001,16.167946684721592,15.225000000000001
2025-08-20T19:45:51Z,2025-08-04,Cape Town,wind_speed_10m,4,13.924999999999997,14.991747730001327,13.924999999999997
2025-08-20T19:45:51Z,2025-08-04,Cape Town,wind_speed_10m,5,12.675,13.226394066411299,12.675
2025-08-20T19:45:51Z,2025-08-05,Cape Town,precipitation,0,0.6000000000000001,0.8154753215150046,-2.0816681711721685e-17
2025-08-20T19:45:51Z,2025-08-05,Cape Town,precipitation,1,0.925,1.2093386622447824,0.925
2025-08-20T19:45:51Z,2025-08-05,Cape Town,precipitation,2,0.775,1.0641898326896382,0.775
2025-08-20T19:45:51Z,2025-08-05,Cape Town,precipitation,3,0.525,0.9526279441628824,0.525
2025-08-20T19:45:51Z,2025-08-05,Cape Town,precipitation,4,0.55,0.9565563234854495,-0.5
2025-08-20T19:45:51Z,2025-08-05,Cape Town,precipitation,5,0.24999999999999997,0.49999999999999994,0.24999999999999997
2025-08-20T19:45:51Z,2025-08-05,Cape Town,temperature_2m,0,1.5000000000000004,1.9634153916071861,1.4499999999999997
2025-08-20T19:45:51Z,2025-08-05,Cape Town,temperature_2m,1,1.7999999999999994,1.955760721560794,1.4999999999999996
2025-08-20T19:45:51Z,2025-08-05,Cape Town,temperature_2m,2,1.5249999999999995,2.015564437074637,1.5249999999999995
2025-08-20T19:45:51Z,2025-08-05,Cape Town,temperature_2m,3,1.5999999999999996,2.023610634484806,1.4000000000000004
2025-08-20T19:45:51Z,2025-08-05,Cape Town,temperature_2m,4,2.000000000000001,2.423839928708165,1.9500000000000002
2025-08-20T19:45:51Z,2025-08-05,Cape Town,temperature_2m,5,2.525,2.891798748184251,2.275
2025-08-20T19:45:51Z,2025-08-05,Cape Town,wind_speed_10m,0,7.5,7.744998386055351,7.5
2025-08-20T19:45:51Z,2025-08-05,Cape Town,wind_speed_10m,1,6.2749999999999995,7.048936089935841,6.2749999999999995
2025-08-20T19:45:51Z,2025-08-05,Cape Town,wind_speed_10m,2,6.35,6.786383425654639,6.35
2025-08-20T19:45:51Z,2025-08-05,Cape Town,wind_speed_10m,3,7.3,7.633806389999683,7.3
2025-08-20T19:45:51Z,2025-08-05,Cape Town,wind_speed_10m,4,8.3,8.757568155601188,8.3
2025-08-20T19:45:51Z,2025-08-05,Cape Town,wind_speed_10m,5,9.125,9.903156062589341,9.125
2025-08-20T19:45:51Z,2025-08-06,Cape Town,precipitation,0,0.025,0.05,0.025
2025-08-20T19:45:51Z,2025-08-06,Cape Town,precipitation,1,0.07500000000000001,0.1118033988749895,0.07500000000000001
2025-08-20T19:45:51Z,2025-08-06,Cape Town,precipitation,2,0.125,0.20615528128088306,0.125
2025-08-20T19:45:51Z,2025-08-06,Cape Town,precipitation,3,0.0,0.0,0.0
2025-08-20T19:45:51Z,2025-08-06,Cape Town,precipitation,4,0.025,0.05,-0.025
2025-08-20T19:45:51Z,2025-08-06,Cape Town,precipitation,5,0.0,0.0,0.0
2025-08-20T19:45:51Z,2025-08-06,Cape Town,temperature_2m,0,3.3,3.978064856183217,3.1499999999999995
2025-08-20T19:45:51Z,2025-08-06,Cape Town,temperature_2m,1,3.175,3.590612761075747,2.9749999999999996
2025-08-20T19:45:51Z,2025-08-06,Cape Town,temperature_2m,2,2.8000000000000003,3.24037034920393,2.8000000000000003
2025-08-20T19:45:51Z,2025-08-06,Cape Town,temperature_2m,3,2.925,3.4260035026251794,2.925
2025-08-20T19:45:51Z,2025-08-06,Cape Town,temperature_2m,4,3.4,3.8723377951826463,3.4
2025-08-20T19:45:51Z,2025-08-06,Cape Town,temperature_2m,5,3.5500000000000003,4.075536774462966,3.5500000000000003
2025-08-20T19:45:51Z,2025-08-06,Cape Town,wind_speed_10m,0,7.075,8.948882611812495,7.075
2025-08-20T19:45:51Z,2025-08-06,Cape Town,wind_speed_10m,1,5.725,7.0673545262707735,5.725
2025-08-20T19:45:51Z,2025-08-06,Cape Town,wind_speed_10m,2,5.475,5.6839686839390655,5.475
2025-08-20T19:45:51Z,2025-08-06,Cape Town,wind_speed_10m,3,6.875,7.054962792247738,6.875
2025-08-20T19:45:51Z,2025-08-06,Cape Town,wind_speed_10m,4,7.6,8.012178230668612,7.6
2025-08-20T19:45:51Z,2025-08-06,Cape Town,wind_speed_10m,5,6.375,6.625896165802781,6.375
2025-08-20T19:45:51Z,2025-08-07,Cape Town,precipitation,0,0.0,0.0,0.0
2025-08-20T19:45:51Z,2025-08-07,Cape Town,precipitation,1,0.05,0.07071067811865477,0.05
2025-08-20T19:45:51Z,2025-08-07,Cape Town,precipitation,2,0.025,0.05,0.025
2025-08-20T19:45:51Z,2025-08-07,Cape Town,precipitation,3,0.075,0.15,0.075
2025-08-20T19:45:51Z,2025-08-07,Cape Town,precipitation,4,0.075,0.15,0.075
2025-08-20T19:45:51Z,2025-08-07,Cape Town,precipitation,5,0.0,0.0,0.0
2025-08-20T19:45:51Z,2025-08-07,Cape Town,temperature_2m,0,3.7,3.8826537316634355,2.45
2025-08-20T19:45:51Z,2025-08-07,Cape Town,temperature_2m,1,3.5500000000000003,3.700675613992667,2.4499999999999997
2025-08-20T19:45:51Z,2025-08-07,Cape Town,temperature_2m,2,3.15,3.590960874195095,2.35
2025-08-20T19:45:51Z,2025-08-07,Cape Town,temperature_2m,3,2.6499999999999995,3.5305806887819453,2.3
2025-08-20T19:45:51Z,2025-08-07,Cape Town,temperature_2m,4,3.125,3.769283751589949,2.5249999999999995
2025-08-20T19:45:51Z,2025-08-07,Cape Town,temperature_2m,5,3.625,4.0246117825201475,2.7750000000000004
2025-08-20T19:45:51Z,2025-08-07,Cape Town,wind_speed_10m,0,3.5250000000000004,3.760651539294754,3.5250000000000004
2025-08-20T19:45:51Z,2025-08-07,Cape Town,wind_speed_10m,1,2.9750000000000005,3.234578797927174,2.575
2025-08-20T19:45:51Z,2025-08-07,Cape Town,wind_speed_10m,2,3.5749999999999997,4.003436024217197,3.025
2025-08-20T19:45:51Z,2025-08-07,Cape Town,wind_speed_10m,3,3.325,4.05308524460071,3.2750000000000004
2025-08-20T19:45:51Z,2025-08-07,Cape Town,wind_speed_10m,4,3.1000000000000005,3.2825295124339706,3.1000000000000005
2025-08-20T19:45:51Z,2025-08-07,Cape Town,wind_speed_10m,5,3.3249999999999997,3.8778215533982476,3.275
2025-08-20T19:45:51Z,2025-08-08,Cape Town,precipitation,0,0.0,0.0,0.0
2025-08-20T19:45:51Z,2025-08-08,Cape Town,precipitation,1,0.0,0.0,0.0
2025-08-20T19:45:51Z,2025-08-08,Cape Town,precipitation,2,0.0,0.0,0.0
2025-08-20T19:45:51Z,2025-08-08,Cape Town,precipitation,3,0.0,0.0,0.0
2025-08-20T19:45:51Z,2025-08-08,Cape Town,precipitation,4,0.0,0.0,0.0
2025-08-20T19:45:51Z,2025-08-08,Cape Town,precipitation,5,0.0,0.0,0.0
2025-08-20T19:45:51Z,2025-08-08,Cape Town,temperature_2m,0,3.5000000000000004,3.792756253702577,2.5000000000000004
2025-08-20T19:45:51Z,2025-08-08,Cape Town,temperature_2m,1,3.125,3.4172357249683554,2.2750000000000004
2025-08-20T19:45:51Z,2025-08-08,Cape Town,temperature_2m,2,2.7249999999999996,3.3041640395113556,2.0250000000000004
2025-08-20T19:45:51Z,2025-08-08,Cape Town,temperature_2m,3,2.5250000000000004,3.29734741875951,1.875
2025-08-20T19:45:51Z,2025-08-08,Cape Town,temperature_2m,4,2.75,3.431471987354698,2.0999999999999996
2025-08-20T19:45:51Z,2025-08-08,Cape Town,temperature_2m,5,3.1749999999999994,3.551408171415952,2.3249999999999997
2025-08-20T19:45:51Z,2025-08-08,Cape Town,wind_speed_10m,0,3.025,3.6293938887919013,2.225
2025-08-20T19:45:51Z,2025-08-08,Cape Town,wind_speed_10m,1,2.1,2.2594247055390007,1.55
2025-08-20T19:45:51Z,2025-08-08,Cape Town,wind_speed_10m,2,1.4999999999999998,1.8627936010197155,1.3499999999999999
2025-08-20T19:45:51Z,2025-08-08,Cape Town,wind_speed_10m,3,2.125,2.441823089414956,0.7250000000000002
2025-08-20T19:45:51Z,2025-08-08,Cape Town,wind_speed_10m,4,2.1,2.254994456755936,0.35
2025-08-20T19:45:51Z,2025-08-08,Cape Town,wind_speed_10m,5,0.9249999999999999,1.1302654555457312,0.07499999999999984
2025-08-20T19:45:51Z,2025-08-09,Cape Town,precipitation,0,0.65,1.0124228365658292,-0.29999999999999993
2025-08-20T19:45:51Z,2025-08-09,Cape Town,precipitation,1,0.32499999999999996,0.4330127018922193,0.07499999999999998
2025-08-20T19:45:51Z,2025-08-09,Cape Town,precipitation,2,0.19999999999999996,0.273861278752583,-0.09999999999999998
2025-08-20T19:45:51Z,2025-08-09,Cape Town,precipitation,3,0.275,0.3570714214271425,0.025000000000000022
2025-08-20T19:45:51Z,2025-08-09,Cape Town,precipitation,4,0.8,0.9407443861113389,0.8
2025-08-20T19:45:51Z,2025-08-09,Cape Town,precipitation,5,0.175,0.2598076211353316,0.175
2025-08-20T19:45:51Z,2025-08-09,Cape Town,temperature_2m,0,2.525,2.7834331319433563,2.525
2025-08-20T19:45:51Z,2025-08-09,Cape Town,temperature_2m,1,2.525,2.8648734701553575,2.525
2025-08-20T19:45:51Z,2025-08-09,Cape Town,temperature_2m,2,2.375,2.619637379485947,2.375
2025-08-20T19:45:51Z,2025-08-09,Cape Town,temperature_2m,3,2.1,2.565151067676132,2.1
2025-08-20T19:45:51Z,2025-08-09,Cape Town,temperature_2m,4,2.4249999999999994,2.681883666380777,2.4249999999999994
2025-08-20T19:45:51Z,2025-08-09,Cape Town,temperature_2m,5,2.1500000000000004,2.539685019840059,2.1500000000000004
2025-08-20T19:45:51Z,2025-08-09,Cape Town,wind_speed_10m,0,12.55,14.613521136262815,12.55
2025-08-20T19:45:51Z,2025-08-09,Cape Town,wind_speed_10m,1,15.875,17.857841414907906,15.875
2025-08-20T19:45:51Z,2025-08-09,Cape Town,wind_speed_10m,2,16.55,18.65087129332032,16.55
2025-08-20T19:45:51Z,2025-08-09,Cape Town,wind_speed_10m,3,17.099999999999998,19.11203809121361,17.099999999999998
2025-08-20T19:45:51Z,2025-08-09,Cape Town,wind_speed_10m,4,17.900000000000002,19.019069377863893,17.900000000000002
2025-08-20T19:45:51Z,2025-08-09,Cape Town,wind_speed_10m,5,20.65,21.31642559154794,20.65
2025-08-20T19:45:51Z,2025-08-10,Cape Town,precipitation,0,0.049999999999999996,0.07071067811865475,-6.938893903907228e-18
2025-08-20T19:45:51Z,2025-08-10,Cape Town,precipitation,1,0.0,0.0,0.0
2025-08-20T19:45:51Z,2025-08-10,Cape Town,precipitation,2,0.075,0.15,0.075
2025-08-20T19:45:51Z,2025-08-10,Cape Town,precipitation,3,0.0,0.0,0.0
2025-08-20T19:45:51Z,2025-08-10,Cape Town,precipitation,4,0.025,0.05,-0.025
2025-08-20T19:45:51Z,2025-08-10,Cape Town,precipitation,5,0.025,0.05,-0.025
2025-08-20T19:45:51Z,2025-08-10,Cape Town,temperature_2m,0,1.9499999999999997,2.201136070305514,1.8000000000000003
2025-08-20T19:45:51Z,2025-08-10,Cape Town,temperature_2m,1,1.7000000000000002,2.24165117714599,1.5500000000000007
2025-08-20T19:45:51Z,2025-08-10,Cape Town,temperature_2m,2,1.6250000000000009,2.4077998255669013,1.4749999999999996
2025-08-20T19:45:51Z,2025-08-10,Cape Town,temperature_2m,3,1.9500000000000002,2.6239283526803856,1.5
2025-08-20T19:45:51Z,2025-08-10,Cape Town,temperature_2m,4,2.45,3.009152704666216,2.0
2025-08-20T19:45:51Z,2025-08-10,Cape Town,temperature_2m,5,2.975,3.3878459232969846,2.4250000000000003
2025-08-20T19:45:51Z,2025-08-10,Cape Town,wind_speed_10m,0,13.650000000000002,15.557474088038843,13.650000000000002
2025-08-20T19:45:51Z,2025-08-10,Cape Town,wind_speed_10m,1,11.575000000000001,13.77252700124418,11.575000000000001
2025-08-20T19:45:51Z,2025-08-10,Cape Town,wind_speed_10m,2,9.85,12.189134505780139,9.85
2025-08-20T19:45:51Z,2025-08-10,Cape Town,wind_speed_10m,3,9.775,12.199897540553364,9.775
2025-08-20T19:45:51Z,2025-08-10,Cape Town,wind_speed_10m,4,10.075,12.183492931011202,10.075
2025-08-20T19:45:51Z,2025-08-10,Cape Town,wind_speed_10m,5,9.525,11.936603369468218,9.525
2025-08-20T19:45:51Z,2025-08-11,Cape Town,precipitation,0,0.0,0.0,0.0
2025-08-20T19:45:51Z,2025-08-11,Cape Town,precipitation,1,0.0,0.0,0.0
2025-08-20T19:45:51Z,2025-08-11,Cape Town,precipitation,2,0.0,0.0,0.0
2025-08-20T19:45:51Z,2025-08-11,Cape Town,precipitation,3,0.0,0.0,0.0
2025-08-20T19:45:51Z,2025-08-11,Cape Town,precipitation,4,0.0,0.0,0.0
2025-08-20T19:45:51Z,2025-08-11,Cape Town,precipitation,5,0.0,0.0,0.0
2025-08-20T19:45:51Z,2025-08-11,Cape Town,temperature_2m,0,4.6000000000000005,5.152669211195301,3.3499999999999996
2025-08-20T19:45:51Z,2025-08-11,Cape Town,temperature_2m,1,4.225,4.565358693465388,3.0250000000000004
2025-08-20T19:45:51Z,2025-08-11,Cape Town,temperature_2m,2,2.9249999999999994,3.4230834053525485,2.375
2025-08-20T19:45:51Z,2025-08-11,Cape Town,temperature_2m,3,2.6499999999999995,3.655817282086182,2.45
2025-08-20T19:45:51Z,2025-08-11,Cape Town,temperature_2m,4,3.6,4.428317965096906,2.95
2025-08-20T19:45:51Z,2025-08-11,Cape Town,temperature_2m,5,4.25,4.906118628814433,3.1
2025-08-20T19:45:51Z,2025-08-11,Cape Town,wind_speed_10m,0,4.675,5.491129209916663,4.675
2025-08-20T19:45:51Z,2025-08-11,Cape Town,wind_speed_10m,1,3.85,4.564537216410882,3.85
2025-08-20T19:45:51Z,2025-08-11,Cape Town,wind_speed_10m,2,4.6,4.729693436154187,4.6
2025-08-20T19:45:51Z,2025-08-11,Cape Town,wind_speed_10m,3,5.199999999999999,5.597767412102793,5.199999999999999
2025-08-20T19:45:51Z,2025-08-11,Cape Town,wind_speed_10m,4,5.425000000000001,5.675605694549262,5.425000000000001
2025-08-20T19:45:51Z,2025-08-11,Cape Town,wind_speed_10m,5,5.4750000000000005,5.719047123428868,5.4750000000000005
2025-08-20T19:45:51Z,2025-08-12,Cape Town,precipitation,0,0.0,0.0,0.0
2025-08-20T19:45:51Z,2025-08-12,Cape Town,precipitation,1,0.0,0.0,0.0
2025-08-20T19:45:51Z,2025-08-12,Cape Town,precipitation,2,0.0,0.0,0.0
2025-08-20T19:45:51Z,2025-08-12,Cape Town,precipitation,3,0.0,0.0,0.0
2025-08-20T19:45:51Z,2025-08-12,Cape Town,precipitation,4,0.0,0.0,0.0
2025-08-20T19:45:51Z,2025-08-12,Cape Town,precipitation,5,0.0,0.0,0.0
2025-08-20T19:45:51Z,2025-08-12,Cape Town,temperature_2m,0,4.05,4.598369276167368,3.4000000000000004
2025-08-20T19:45:51Z,2025-08-12,Cape Town,temperature_2m,1,4.025,4.2752192926211405,3.0750000000000006
2025-08-20T19:45:51Z,2025-08-12,Cape Town,temperature_2m,2,3.225,3.591308953571107,2.375
2025-08-20T19:45:51Z,2025-08-12,Cape Town,temperature_2m,3,2.6000000000000005,3.5839921874914853,2.3500000000000005
2025-08-20T19:45:51Z,2025-08-12,Cape Town,temperature_2m,4,3.325,3.9777506206397604,2.625
2025-08-20T19:45:51Z,2025-08-12,Cape Town,temperature_2m,5,3.85,4.315669125408017,2.9000000000000004
2025-08-20T19:45:51Z,2025-08-12,Cape Town,wind_speed_10m,0,3.0250000000000004,3.0549140740780256,3.0250000000000004
2025-08-20T19:45:51Z,2025-08-12,Cape Town,wind_speed_10m,1,2.3249999999999997,2.8753260684659745,2.3249999999999997
2025-08-20T19:45:51Z,2025-08-12,Cape Town,wind_speed_10m,2,2.625,2.8084693339967237,2.625
2025-08-20T19:45:51Z,2025-08-12,Cape Town,wind_speed_10m,3,2.6499999999999995,2.8062430400804557,2.6499999999999995
2025-08-20T19:45:51Z,2025-08-12,Cape Town,wind_speed_10m,4,2.25,2.3505318547086316,2.25
2025-08-20T19:45:51Z,2025-08-12,Cape Town,wind_speed_10m,5,0.8249999999999998,1.2031209415515964,0.5749999999999998
2025-08-20T19:45:51Z,2025-08-13,Cape Town,precipitation,0,0.0,0.0,0.0
2025-08-20T19:45:51Z,2025-08-13,Cape Town,precipitation,1,0.0,0.0,0.0
2025-08-20T19:45:51Z,2025-08-13,Cape Town,precipitation,2,0.0,0.0,0.0
2025-08-20T19:45:51Z,2025-08-13,Cape Town,precipitation,3,0.0,0.0,0.0
2025-08-20T19:45:51Z,2025-08-13,Cape Town,precipitation,4,0.0,0.0,0.0
2025-08-20T19:45:51Z,2025-08-13,Cape Town,precipitation,5,0.0,0.0,0.0
2025-08-20T19:45:51Z,2025-08-13,Cape Town,temperature_2m,0,4.075000000000001,4.731014690317501,3.5750000000000006
2025-08-20T19:45:51Z,2025-08-13,Cape Town,temperature_2m,1,4.05,4.361765697512878,3.3
2025-08-20T19:45:51Z,2025-08-13,Cape Town,temperature_2m,2,3.7750000000000004,4.338490520907013,3.1750000000000007
2025-08-20T19:45:51Z,2025-08-13,Cape Town,temperature_2m,3,3.1000000000000005,4.183300132670378,2.9000000000000004
2025-08-20T19:45:51Z,2025-08-13,Cape Town,temperature_2m,4,3.1750000000000003,4.175823272122517,2.9250000000000003
2025-08-20T19:45:51Z,2025-08-13,Cape Town,temperature_2m,5,3.775,4.4897104583703396,3.325000000000001
2025-08-20T19:45:51Z,2025-08-13,Cape Town,wind_speed_10m,0,2.75,3.1819805153394634,2.75
2025-08-20T19:45:51Z,2025-08-13,Cape Town,wind_speed_10m,1,3.15,3.1741140496207763,3.15
2025-08-20T19:45:51Z,2025-08-13,Cape Town,wind_speed_10m,2,2.175,2.2666053913286275,2.175
2025-08-20T19:45:51Z,2025-08-13,Cape Town,wind_speed_10m,3,1.875,2.203973684053419,1.875
2025-08-20T19:45:51Z,2025-08-13,Cape Town,wind_speed_10m,4,1.7999999999999998,2.448468909339059,1.7999999999999998
2025-08-20T19:45:51Z,2025-08-13,Cape Town,wind_speed_10m,5,2.75,3.097579700346708,2.15
2025-08-20T19:45:51Z,2025-08-14,Cape Town,precipitation,0,0.0,0.0,0.0
2025-08-20T19:45:51Z,2025-08-14,Cape Town,precipitation,1,0.0,0.0,0.0
2025-08-20T19:45:51Z,2025-08-14,Cape Town,precipitation,2,0.0,0.0,0.0
2025-08-20T19:45:51Z,2025-08-14,Cape Town,precipitation,3,0.0,0.0,0.0
2025-08-20T19:45:51Z,2025-08-14,Cape Town,precipitation,4,0.0,0.0,0.0
2025-08-20T19:45:51Z,2025-08-14,Cape Town,precipitation,5,0.0,0.0,0.0
2025-08-20T19:45:51Z,2025-08-14,Cape Town,temperature_2m,0,3.4499999999999997,3.989360851063739,2.9
2025-08-20T19:45:51Z,2025-08-14,Cape Town,temperature_2m,1,3.1750000000000003,3.495354059319313,2.6749999999999994
2025-08-20T19:45:51Z,2025-08-14,Cape Town,temperature_2m,2,2.6,2.9453352950046283,2.3000000000000003
2025-08-20T19:45:51Z,2025-08-14,Cape Town,temperature_2m,3,2.3250000000000006,3.179229466395907,2.3250000000000006
2025-08-20T19:45:51Z,2025-08-14,Cape Town,temperature_2m,4,2.9749999999999996,3.7459978643880723,2.675
2025-08-20T19:45:51Z,2025-08-14,Cape Town,temperature_2m,5,3.4000000000000004,4.001874560752748,2.7
2025-08-20T19:45:51Z,2025-08-14,Cape Town,wind_speed_10m,0,5.275,5.798491183057883,5.275
2025-08-20T19:45:51Z,2025-08-14,Cape Town,wind_speed_10m,1,4.175,4.598097432634502,4.175
2025-08-20T19:45:51Z,2025-08-14,Cape Town,wind_speed_10m,2,3.875,4.662349193271564,3.875
2025-08-20T19:45:51Z,2025-08-14,Cape Town,wind_speed_10m,3,2.95,3.9717754216471,2.6499999999999995
2025-08-20T19:45:51Z,2025-08-14,Cape Town,wind_speed_10m,4,3.5749999999999993,4.025853946680132,3.5749999999999993
2025-08-20T19:45:51Z,2025-08-14,Cape Town,wind_speed_10m,5,4.15,4.182104733265297,4.15
2025-08-20T19:45:51Z,2025-08-15,Cape Town,precipitation,0,0.025,0.05,-0.025
2025-08-20T19:45:51Z,2025-08-15,Cape Town,precipitation,1,0.0,0.0,0.0
2025-08-20T19:45:51Z,2025-08-15,Cape Town,precipitation,2,0.025,0.05,0.025
2025-08-20T19:45:51Z,2025-08-15,Cape Town,precipitation,3,0.05,0.07071067811865477,0.0
2025-08-20T19:45:51Z,2025-08-15,Cape Town,precipitation,4,0.05,0.07071067811865477,0.0
2025-08-20T19:45:51Z,2025-08-15,Cape Town,precipitation,5,0.05,0.1,-0.05
2025-08-20T19:45:51Z,2025-08-15,Cape Town,temperature_2m,0,2.8750000000000004,3.2338058074040257,2.1250000000000004
2025-08-20T19:45:51Z,2025-08-15,Cape Town,temperature_2m,1,2.9250000000000007,3.1124748994971836,2.175
2025-08-20T19:45:51Z,2025-08-15,Cape Town,temperature_2m,2,2.675,3.1212978070027213,2.2749999999999995
2025-08-20T19:45:51Z,2025-08-15,Cape Town,temperature_2m,3,2.0,2.7230497608380206,1.9500000000000002
2025-08-20T19:45:51Z,2025-08-15,Cape Town,temperature_2m,4,2.15,2.7577164466275352,1.6999999999999997
2025-08-20T19:45:51Z,2025-08-15,Cape Town,temperature_2m,5,2.7,3.147220996371243,1.8499999999999996
2025-08-20T19:45:51Z,2025-08-15,Cape Town,wind_speed_10m,0,4.525,5.370055865631195,4.525
2025-08-20T19:45:51Z,2025-08-15,Cape Town,wind_speed_10m,1,4.175000000000001,5.099264652869078,3.475
2025-08-20T19:45:51Z,2025-08-15,Cape Town,wind_speed_10m,2,3.3999999999999995,4.696275119709236,3.3
2025-08-20T19:45:51Z,2025-08-15,Cape Town,wind_speed_10m,3,4.05,5.141497836234106,4.05
2025-08-20T19:45:51Z,2025-08-15,Cape Town,wind_speed_10m,4,5.1499999999999995,6.031998010609751,4.5
2025-08-20T19:45:51Z,2025-08-15,Cape Town,wind_speed_10m,5,5.95,6.704848991588104,4.5
2025-08-20T19:45:51Z,2025-08-16,Cape Town,precipitation,0,0.0,0.0,0.0
2025-08-20T19:45:51Z,2025-08-16,Cape Town,temperature_2m,0,3.799999999999999,3.799999999999999,3.799999999999999
2025-08-20T19:45:51Z,2025-08-16,Cape Town,wind_speed_10m,0,11.599999999999998,11.599999999999998,11.599999999999998
2025-08-20T19:45:51Z,2025-08-17,Cape Town,precipitation,0,0.0,0.0,0.0
2025-08-20T19:45:51Z,2025-08-17,Cape Town,precipitation,1,0.0,0.0,0.0
2025-08-20T19:45:51Z,2025-08-17,Cape Town,precipitation,2,0.1,0.1,0.1
2025-08-20T19:45:51Z,2025-08-17,Cape Town,precipitation,3,0.1,0.1,0.1
2025-08-20T19:45:51Z,2025-08-17,Cape Town,precipitation,4,0.1,0.1,0.1
2025-08-20T19:45:51Z,2025-08-17,Cape Town,precipitation,5,0.10000000000000002,0.1,0.10000000000000002
2025-08-20T19:45:51Z,2025-08-17,Cape Town,precipitation,6,0.1,0.1,0.1
2025-08-20T19:45:51Z,2025-08-17,Cape Town,precipitation,7,0.1,0.1,0.1
2025-08-20T19:45:51Z,2025-08-17,Cape Town,precipitation,8,0.3,0.3,0.3
2025-08-20T19:45:51Z,2025-08-17,Cape Town,temperature_2m,0,1.9000000000000004,1.9000000000000004,1.9000000000000004
2025-08-20T19:45:51Z,2025-08-17,Cape Town,temperature_2m,1,1.9000000000000004,1.9000000000000004,1.9000000000000004
2025-08-20T19:45:51Z,2025-08-17,Cape Town,temperature_2m,2,1.8000000000000007,1.8000000000000007,1.8000000000000007
2025-08-20T19:45:51Z,2025-08-17,Cape Town,temperature_2m,3,1.8000000000000007,1.8000000000000007,1.8000000000000007
2025-08-20T19:45:51Z,2025-08-17,Cape Town,temperature_2m,4,1.8000000000000007,1.8000000000000007,1.8000000000000007
2025-08-20T19:45:51Z,2025-08-17,Cape Town,temperature_2m,5,1.8000000000000007,1.8000000000000007,1.8000000000000007
2025-08-20T19:45:51Z,2025-08-17,Cape Town,temperature_2m,6,1.8000000000000007,1.8000000000000007,1.8000000000000007
2025-08-20T19:45:51Z,2025-08-17,Cape Town,temperature_2m,7,1.8000000000000007,1.8000000000000007,1.8000000000000007
2025-08-20T19:45:51Z,2025-08-17,Cape Town,temperature_2m,8,1.9000000000000004,1.9000000000000004,1.9000000000000004
2025-08-20T19:45:51Z,2025-08-17,Cape Town,wind_speed_10m,0,8.7,8.7,8.7
2025-08-20T19:45:51Z,2025-08-17,Cape Town,wind_speed_10m,1,8.7,8.7,8.7
2025-08-20T19:45:51Z,2025-08-17,Cape Town,wind_speed_10m,2,8.3,8.3,8.3
2025-08-20T19:45:51Z,2025-08-17,Cape Town,wind_speed_10m,3,8.3,8.3,8.3
2025-08-20T19:45:51Z,2025-08-17,Cape Town,wind_speed_10m,4,8.3,8.3,8.3
2025-08-20T19:45:51Z,2025-08-17,Cape Town,wind_speed_10m,5,8.3,8.3,8.3
2025-08-20T19:45:51Z,2025-08-17,Cape Town,wind_speed_10m,6,8.3,8.3,8.3
2025-08-20T19:45:51Z,2025-08-17,Cape Town,wind_speed_10m,7,8.3,8.3,8.3
2025-08-20T19:45:51Z,2025-08-17,Cape Town,wind_speed_10m,8,4.300000000000001,4.300000000000001,4.300000000000001
2025-08-20T19:45:51Z,2025-08-18,Cape Town,precipitation,22,0.0,0.0,0.0
2025-08-20T19:45:51Z,2025-08-18,Cape Town,precipitation,23,0.0,0.0,0.0
2025-08-20T19:45:51Z,2025-08-18,Cape Town,precipitation,24,0.0,0.0,0.0
2025-08-20T19:45:51Z,2025-08-18,Cape Town,precipitation,25,0.0,0.0,0.0
2025-08-20T19:45:51Z,2025-08-18,Cape Town,precipitation,26,0.0,0.0,0.0
2025-08-20T19:45:51Z,2025-08-18,Cape Town,precipitation,27,0.0,0.0,0.0
2025-08-20T19:45:51Z,2025-08-18,Cape Town,precipitation,28,0.0,0.0,0.0
2025-08-20T19:45:51Z,2025-08-18,Cape Town,precipitation,29,0.0,0.0,0.0
2025-08-20T19:45:51Z,2025-08-18,Cape Town,precipitation,30,0.0,0.0,0.0
2025-08-20T19:45:51Z,2025-08-18,Cape Town,precipitation,31,0.0,0.0,0.0
2025-08-20T19:45:51Z,2025-08-18,Cape Town,precipitation,32,0.0,0.0,0.0
2025-08-20T19:45:51Z,2025-08-18,Cape Town,temperature_2m,22,6.300000000000001,6.300000000000001,6.300000000000001
2025-08-20T19:45:51Z,2025-08-18,Cape Town,temperature_2m,23,6.300000000000001,6.300000000000001,6.300000000000001
2025-08-20T19:45:51Z,2025-08-18,Cape Town,temperature_2m,24,6.300000000000001,6.300000000000001,6.300000000000001
2025-08-20T19:45:51Z,2025-08-18,Cape Town,temperature_2m,25,6.300000000000001,6.300000000000001,6.300000000000001
2025-08-20T19:45:51Z,2025-08-18,Cape Town,temperature_2m,26,6.0,6.0,6.0
2025-08-20T19:45:51Z,2025-08-18,Cape Town,temperature_2m,27,6.0,6.0,6.0
2025-08-20T19:45:51Z,2025-08-18,Cape Town,temperature_2m,28,6.0,6.0,6.0
2025-08-20T19:45:51Z,2025-08-18,Cape Town,temperature_2m,29,6.0,6.0,6.0
2025-08-20T19:45:51Z,2025-08-18,Cape Town,temperature_2m,30,6.0,6.0,6.0
2025-08-20T19:45:51Z,2025-08-18,Cape Town,temperature_2m,31,6.0,6.0,6.0
2025-08-20T19:45:51Z,2025-08-18,Cape Town,temperature_2m,32,6.300000000000001,6.300000000000001,6.300000000000001
2025-08-20T19:45:51Z,2025-08-18,Cape Town,wind_speed_10m,22,1.2,1.2,-1.2
2025-08-20T19:45:51Z,2025-08-18,Cape Town,wind_speed_10m,23,1.2,1.2,-1.2
2025-08-20T19:45:51Z,2025-08-18,Cape Town,wind_speed_10m,24,1.2,1.2,-1.2
2025-08-20T19:45:51Z,2025-08-18,Cape Town,wind_speed_10m,25,1.2,1.2,-1.2
2025-08-20T19:45:51Z,2025-08-18,Cape Town,wind_speed_10m,26,0.7999999999999998,0.7999999999999998,-0.7999999999999998
2025-08-20T19:45:51Z,2025-08-18,Cape Town,wind_speed_10m,27,0.7999999999999998,0.7999999999999998,-0.7999999999999998
2025-08-20T19:45:51Z,2025-08-18,Cape Town,wind_speed_10m,28,0.7999999999999998,0.7999999999999998,-0.7999999999999998
2025-08-20T19:45:51Z,2025-08-18,Cape Town,wind_speed_10m,29,0.7999999999999998,0.7999999999999998,-0.7999999999999998
2025-08-20T19:45:51Z,2025-08-18,Cape Town,wind_speed_10m,30,0.7999999999999998,0.7999999999999998,-0.7999999999999998
2025-08-20T19:45:51Z,2025-08-18,Cape Town,wind_speed_10m,31,0.7999999999999998,0.7999999999999998,-0.7999999999999998
2025-08-20T19:45:51Z,2025-08-18,Cape Town,wind_speed_10m,32,2.6,2.6,-2.6
2025-08-20T19:45:51Z,2025-08-19,Cape Town,precipitation,4,0.0,0.0,0.0
2025-08-20T19:45:51Z,2025-08-19,Cape Town,precipitation,5,0.0,0.0,0.0
2025-08-20T19:45:51Z,2025-08-19,Cape Town,precipitation,6,0.0,0.0,0.0
2025-08-20T19:45:51Z,2025-08-19,Cape Town,precipitation,7,0.0,0.0,0.0
2025-08-20T19:45:51Z,2025-08-19,Cape Town,precipitation,8,0.0,0.0,0.0
2025-08-20T19:45:51Z,2025-08-19,Cape Town,precipitation,9,0.0,0.0,0.0
2025-08-20T19:45:51Z,2025-08-19,Cape Town,precipitation,10,0.0,0.0,0.0
2025-08-20T19:45:51Z,2025-08-19,Cape Town,precipitation,11,0.0,0.0,0.0
2025-08-20T19:45:51Z,2025-08-19,Cape Town,precipitation,12,0.0,0.0,0.0
2025-08-20T19:45:51Z,2025-08-19,Cape Town,precipitation,13,0.0,0.0,0.0
2025-08-20T19:45:51Z,2025-08-19,Cape Town,precipitation,14,0.0,0.0,0.0
2025-08-20T19:45:51Z,2025-08-19,Cape Town,precipitation,15,0.0,0.0,0.0
2025-08-20T19:45:51Z,2025-08-19,Cape Town,precipitation,46,0.0,0.0,0.0
2025-08-20T19:45:51Z,2025-08-19,Cape Town,precipitation,47,0.0,0.0,0.0
2025-08-20T19:45:51Z,2025-08-19,Cape Town,precipitation,48,0.0,0.0,0.0
2025-08-20T19:45:51Z,2025-08-19,Cape Town,precipitation,49,0.0,0.0,0.0
2025-08-20T19:45:51Z,2025-08-19,Cape Town,precipitation,50,0.0,0.0,0.0
2025-08-20T19:45:51Z,2025-08-19,Cape Town,precipitation,51,0.0,0.0,0.0
2025-08-20T19:45:51Z,2025-08-19,Cape Town,precipitation,52,0.0,0.0,0.0
2025-08-20T19:45:51Z,2025-08-19,Cape Town,precipitation,53,0.0,0.0,0.0
2025-08-20T19:45:51Z,2025-08-19,Cape Town,precipitation,54,0.0,0.0,0.0
2025-08-20T19:45:51Z,2025-08-19,Cape Town,precipitation,55,0.0,0.0,0.0
2025-08-20T19:45:51Z,2025-08-19,Cape Town,precipitation,56,0.0,0.0,0.0
2025-08-20T19:45:51Z,2025-08-19,Cape Town,temperature_2m,4,2.5,2.5,2.5
2025-08-20T19:45:51Z,2025-08-19,Cape Town,temperature_2m,5,2.5,2.5,2.5
2025-08-20T19:45:51Z,2025-08-19,Cape Town,temperature_2m,6,2.5,2.5,2.5
2025-08-20T19:45:51Z,2025-08-19,Cape Town,temperature_2m,7,2.3000000000000007,2.3000000000000007,2.3000000000000007
2025-08-20T19:45:51Z,2025-08-19,Cape Town,temperature_2m,8,2.3000000000000007,2.3000000000000007,2.3000000000000007
2025-08-20T19:45:51Z,2025-08-19,Cape Town,temperature_2m,9,2.3000000000000007,2.3000000000000007,2.3000000000000007
2025-08-20T19:45:51Z,2025-08-19,Cape Town,temperature_2m,10,2.3000000000000007,2.3000000000000007,2.3000000000000007
2025-08-20T19:45:51Z,2025-08-19,Cape Town,temperature_2m,11,2.3000000000000007,2.3000000000000007,2.3000000000000007
2025-08-20T19:45:51Z,2025-08-19,Cape Town,temperature_2m,12,2.3000000000000007,2.3000000000000007,2.3000000000000007
2025-08-20T19:45:51Z,2025-08-19,Cape Town,temperature_2m,13,2.3000000000000007,2.3000000000000007,2.3000000000000007
2025-08-20T19:45:51Z,2025-08-19,Cape Town,temperature_2m,14,2.4000000000000004,2.4000000000000004,2.4000000000000004
2025-08-20T19:45:51Z,2025-08-19,Cape Town,temperature_2m,15,2.4000000000000004,2.4000000000000004,2.4000000000000004
2025-08-20T19:45:51Z,2025-08-19,Cape Town,temperature_2m,46,2.8000000000000007,2.8000000000000007,2.8000000000000007
2025-08-20T19:45:51Z,2025-08-19,Cape Town,temperature_2m,47,2.8000000000000007,2.8000000000000007,2.8000000000000007
2025-08-20T19:45:51Z,2025-08-19,Cape Town,temperature_2m,48,2.8000000000000007,2.8000000000000007,2.8000000000000007
2025-08-20T19:45:51Z,2025-08-19,Cape Town,temperature_2m,49,2.8000000000000007,2.8000000000000007,2.8000000000000007
2025-08-20T19:45:51Z,2025-08-19,Cape Town,temperature_2m,50,2.8000000000000007,2.8000000000000007,2.8000000000000007
2025-08-20T19:45:51Z,2025-08-19,Cape Town,temperature_2m,51,2.8000000000000007,2.8000000000000007,2.8000000000000007
2025-08-20T19:45:51Z,2025-08-19,Cape Town,temperature_2m,52,2.8000000000000007,2.8000000000000007,2.8000000000000007
2025-08-20T19:45:51Z,2025-08-19,Cape Town,temperature_2m,53,2.8000000000000007,2.8000000000000007,2.8000000000000007
2025-08-20T19:45:51Z,2025-08-19,Cape Town,temperature_2m,54,2.8000000000000007,2.8000000000000007,2.8000000000000007
2025-08-20T19:45:51Z,2025-08-19,Cape Town,temperature_2m,55,2.8000000000000007,2.8000000000000007,2.8000000000000007
2025-08-20T19:45:51Z,2025-08-19,Cape Town,temperature_2m,56,2.700000000000001,2.700000000000001,2.700000000000001
2025-08-20T19:45:51Z,2025-08-19,Cape Town,wind_speed_10m,4,0.8000000000000007,0.8000000000000007,-0.8000000000000007
2025-08-20T19:45:51Z,2025-08-19,Cape Town,wind_speed_10m,5,0.8000000000000007,0.8000000000000007,-0.8000000000000007
2025-08-20T19:45:51Z,2025-08-19,Cape Town,wind_speed_10m,6,0.8000000000000007,0.8000000000000007,-0.8000000000000007
2025-08-20T19:45:51Z,2025-08-19,Cape Town,wind_speed_10m,7,3.0,3.0,-3.0
2025-08-20T19:45:51Z,2025-08-19,Cape Town,wind_speed_10m,8,3.0,3.0,-3.0
2025-08-20T19:45:51Z,2025-08-19,Cape Town,wind_speed_10m,9,3.0,3.0,-3.0
2025-08-20T19:45:51Z,2025-08-19,Cape Town,wind_speed_10m,10,3.0,3.0,-3.0
2025-08-20T19:45:51Z,2025-08-19,Cape Town,wind_speed_10m,11,3.0,3.0,-3.0
2025-08-20T19:45:51Z,2025-08-19,Cape Town,wind_speed_10m,12,3.0,3.0,-3.0
2025-08-20T19:45:51Z,2025-08-19,Cape Town,wind_speed_10m,13,3.0,3.0,-3.0
2025-08-20T19:45:51Z,2025-08-19,Cape Town,wind_speed_10m,14,0.6999999999999993,0.6999999999999993,-0.6999999999999993
2025-08-20T19:45:51Z,2025-08-19,Cape Town,wind_speed_10m,15,0.6999999999999993,0.6999999999999993,-0.6999999999999993
2025-08-20T19:45:51Z,2025-08-19,Cape Town,wind_speed_10m,46,4.6,4.6,-4.6
2025-08-20T19:45:51Z,2025-08-19,Cape Town,wind_speed_10m,47,4.6,4.6,-4.6
2025-08-20T19:45:51Z,2025-08-19,Cape Town,wind_speed_10m,48,4.6,4.6,-4.6
2025-08-20T19:45:51Z,2025-08-19,Cape Town,wind_speed_10m,49,4.6,4.6,-4.6
2025-08-20T19:45:51Z,2025-08-19,Cape Town,wind_speed_10m,50,4.6,4.6,-4.6
2025-08-20T19:45:51Z,2025-08-19,Cape Town,wind_speed_10m,51,4.6,4.6,-4.6
2025-08-20T19:45:51Z,2025-08-19,Cape Town,wind_speed_10m,52,4.6,4.6,-4.6
2025-08-20T19:45:51Z,2025-08-19,Cape Town,wind_speed_10m,53,4.6,4.6,-4.6
2025-08-20T19:45:51Z,2025-08-19,Cape Town,wind_speed_10m,54,4.6,4.6,-4.6
2025-08-20T19:45:51Z,2025-08-19,Cape Town,wind_speed_10m,55,4.6,4.6,-4.6
2025-08-20T19:45:51Z,2025-08-19,Cape Town,wind_speed_10m,56,4.699999999999999,4.699999999999999,-4.699999999999999
2025-08-20T19:45:51Z,2025-08-20,Cape Town,precipitation,1,0.0,0.0,0.0
2025-08-20T19:45:51Z,2025-08-20,Cape Town,precipitation,2,0.0,0.0,0.0
2025-08-20T19:45:51Z,2025-08-20,Cape Town,precipitation,3,0.0,0.0,0.0
2025-08-20T19:45:51Z,2025-08-20,Cape Town,precipitation,4,0.0,0.0,0.0
2025-08-20T19:45:51Z,2025-08-20,Cape Town,precipitation,5,0.0,0.0,0.0
2025-08-20T19:45:51Z,2025-08-20,Cape Town,precipitation,6,0.0,0.0,0.0
2025-08-20T19:45:51Z,2025-08-20,Cape Town,precipitation,7,0.0,0.0,0.0
2025-08-20T19:45:51Z,2025-08-20,Cape Town,precipitation,8,0.0,0.0,0.0
2025-08-20T19:45:51Z,2025-08-20,Cape Town,precipitation,9,0.0,0.0,0.0
2025-08-20T19:45:51Z,2025-08-20,Cape Town,precipitation,10,0.0,0.0,0.0
2025-08-20T19:45:51Z,2025-08-20,Cape Town,precipitation,11,0.0,0.0,0.0
2025-08-20T19:45:51Z,2025-08-20,Cape Town,precipitation,12,0.0,0.0,0.0
2025-08-20T19:45:51Z,2025-08-20,Cape Town,precipitation,28,0.0,0.0,0.0
2025-08-20T19:45:51Z,2025-08-20,Cape Town,precipitation,29,0.0,0.0,0.0
2025-08-20T19:45:51Z,2025-08-20,Cape Town,precipitation,30,0.0,0.0,0.0
2025-08-20T19:45:51Z,2025-08-20,Cape Town,precipitation,31,0.0,0.0,0.0
2025-08-20T19:45:51Z,2025-08-20,Cape Town,precipitation,32,0.0,0.0,0.0
2025-08-20T19:45:51Z,2025-08-20,Cape Town,precipitation,33,0.0,0.0,0.0
2025-08-20T19:45:51Z,2025-08-20,Cape Town,precipitation,34,0.0,0.0,0.0
2025-08-20T19:45:51Z,2025-08-20,Cape Town,precipitation,35,0.0,0.0,0.0
2025-08-20T19:45:51Z,2025-08-20,Cape Town,precipitation,36,0.0,0.0,0.0
2025-08-20T19:45:51Z,2025-08-20,Cape Town,precipitation,37,0.0,0.0,0.0
2025-08-20T19:45:51Z,2025-08-20,Cape Town,precipitation,38,0.0,0.0,0.0
2025-08-20T19:45:51Z,2025-08-20,Cape Town,precipitation,39,0.0,0.0,0.0
2025-08-20T19:45:51Z,2025-08-20,Cape Town,precipitation,70,0.0,0.0,0.0
2025-08-20T19:45:51Z,2025-08-20,Cape Town,precipitation,71,0.0,0.0,0.0
2025-08-20T19:45:51Z,2025-08-20,Cape Town,precipitation,72,0.0,0.0,0.0
2025-08-20T19:45:51Z,2025-08-20,Cape Town,precipitation,73,0.0,0.0,0.0
2025-08-20T19:45:51Z,2025-08-20,Cape Town,precipitation,74,0.0,0.0,0.0
2025-08-20T19:45:51Z,2025-08-20,Cape Town,precipitation,75,0.0,0.0,0.0
2025-08-20T19:45:51Z,2025-08-20,Cape Town,precipitation,76,0.0,0.0,0.0
2025-08-20T19:45:51Z,2025-08-20,Cape Town,precipitation,77,0.0,0.0,0.0
2025-08-20T19:45:51Z,2025-08-20,Cape Town,precipitation,78,0.0,0.0,0.0
2025-08-20T19:45:51Z,2025-08-20,Cape Town,precipitation,79,0.0,0.0,0.0
2025-08-20T19:45:51Z,2025-08-20,Cape Town,precipitation,80,0.0,0.0,0.0
2025-08-20T19:45:51Z,2025-08-20,Cape Town,temperature_2m,1,4.4,4.4,4.4
2025-08-20T19:45:51Z,2025-08-20,Cape Town,temperature_2m,2,4.100000000000001,4.100000000000001,4.100000000000001
2025-08-20T19:45:51Z,2025-08-20,Cape Town,temperature_2m,3,4.100000000000001,4.100000000000001,4.100000000000001
2025-08-20T19:45:51Z,2025-08-20,Cape Town,temperature_2m,4,4.100000000000001,4.100000000000001,4.100000000000001
2025-08-20T19:45:51Z,2025-08-20,Cape Town,temperature_2m,5,4.100000000000001,4.100000000000001,4.100000000000001
2025-08-20T19:45:51Z,2025-08-20,Cape Town,temperature_2m,6,4.100000000000001,4.100000000000001,4.100000000000001
2025-08-20T19:45:51Z,2025-08-20,Cape Town,temperature_2m,7,4.100000000000001,4.100000000000001,4.100000000000001
2025-08-20T19:45:51Z,2025-08-20,Cape Town,temperature_2m,8,4.200000000000001,4.200000000000001,4.200000000000001
2025-08-20T19:45:51Z,2025-08-20,Cape Town,temperature_2m,9,4.200000000000001,4.200000000000001,4.200000000000001
2025-08-20T19:45:51Z,2025-08-20,Cape Town,temperature_2m,10,4.200000000000001,4.200000000000001,4.200000000000001
2025-08-20T19:45:51Z,2025-08-20,Cape Town,temperature_2m,11,4.200000000000001,4.200000000000001,4.200000000000001
2025-08-20T19:45:51Z,2025-08-20,Cape Town,temperature_2m,12,4.200000000000001,4.200000000000001,4.200000000000001
2025-08-20T19:45:51Z,2025-08-20,Cape Town,temperature_2m,28,4.100000000000001,4.100000000000001,4.100000000000001
2025-08-20T19:45:51Z,2025-08-20,Cape Town,temperature_2m,29,4.100000000000001,4.100000000000001,4.100000000000001
2025-08-20T19:45:51Z,2025-08-20,Cape Town,temperature_2m,30,4.100000000000001,4.100000000000001,4.100000000000001
2025-08-20T19:45:51Z,2025-08-20,Cape Town,temperature_2m,31,4.200000000000001,4.200000000000001,4.200000000000001
2025-08-20T19:45:51Z,2025-08-20,Cape Town,temperature_2m,32,4.200000000000001,4.200000000000001,4.200000000000001
2025-08-20T19:45:51Z,2025-08-20,Cape Town,temperature_2m,33,4.200000000000001,4.200000000000001,4.200000000000001
2025-08-20T19:45:51Z,2025-08-20,Cape Town,temperature_2m,34,4.200000000000001,4.200000000000001,4.200000000000001
2025-08-20T19:45:51Z,2025-08-20,Cape Town,temperature_2m,35,4.200000000000001,4.200000000000001,4.200000000000001
2025-08-20T19:45:51Z,2025-08-20,Cape Town,temperature_2m,36,4.200000000000001,4.200000000000001,4.200000000000001
2025-08-20T19:45:51Z,2025-08-20,Cape Town,temperature_2m,37,4.200000000000001,4.200000000000001,4.200000000000001
2025-08-20T19:45:51Z,2025-08-20,Cape Town,temperature_2m,38,4.300000000000001,4.300000000000001,4.300000000000001
2025-08-20T19:45:51Z,2025-08-20,Cape Town,temperature_2m,39,4.300000000000001,4.300000000000001,4.300000000000001
2025-08-20T19:45:51Z,2025-08-20,Cape Town,temperature_2m,70,5.0,5.0,5.0
2025-08-20T19:45:51Z,2025-08-20,Cape Town,temperature_2m,71,5.0,5.0,5.0
2025-08-20T19:45:51Z,2025-08-20,Cape Town,temperature_2m,72,5.0,5.0,5.0
2025-08-20T19:45:51Z,2025-08-20,Cape Town,temperature_2m,73,5.0,5.0,5.0
2025-08-20T19:45:51Z,2025-08-20,Cape Town,temperature_2m,74,5.0,5.0,5.0
2025-08-20T19:45:51Z,2025-08-20,Cape Town,temperature_2m,75,5.0,5.0,5.0
2025-08-20T19:45:51Z,2025-08-20,Cape Town,temperature_2m,76,5.0,5.0,5.0
2025-08-20T19:45:51Z,2025-08-20,Cape Town,temperature_2m,77,5.0,5.0,5.0
2025-08-20T19:45:51Z,2025-08-20,Cape Town,temperature_2m,78,5.0,5.0,5.0
2025-08-20T19:45:51Z,2025-08-20,Cape Town,temperature_2m,79,5.0,5.0,5.0
2025-08-20T19:45:51Z,2025-08-20,Cape Town,temperature_2m,80,5.0,5.0,5.0
2025-08-20T19:45:51Z,2025-08-20,Cape Town,wind_speed_10m,1,2.5,2.5,-2.5
2025-08-20T19:45:51Z,2025-08-20,Cape Town,wind_speed_10m,2,3.0,3.0,-3.0
2025-08-20T19:45:51Z,2025-08-20,Cape Town,wind_speed_10m,3,3.0,3.0,-3.0
2025-08-20T19:45:51Z,2025-08-20,Cape Town,wind_speed_10m,4,3.0,3.0,-3.0
2025-08-20T19:45:51Z,2025-08-20,Cape Town,wind_speed_10m,5,3.0,3.0,-3.0
2025-08-20T19:45:51Z,2025-08-20,Cape Town,wind_speed_10m,6,3.0,3.0,-3.0
2025-08-20T19:45:51Z,2025-08-20,Cape Town,wind_speed_10m,7,3.0,3.0,-3.0
2025-08-20T19:45:51Z,2025-08-20,Cape Town,wind_speed_10m,8,2.3000000000000007,2.3000000000000007,-2.3000000000000007
2025-08-20T19:45:51Z,2025-08-20,Cape Town,wind_speed_10m,9,2.3000000000000007,2.3000000000000007,-2.3000000000000007
2025-08-20T19:45:51Z,2025-08-20,Cape Town,wind_speed_10m,10,2.3000000000000007,2.3000000000000007,-2.3000000000000007
2025-08-20T19:45:51Z,2025-08-20,Cape Town,wind_speed_10m,11,2.3000000000000007,2.3000000000000007,-2.3000000000000007
2025-08-20T19:45:51Z,2025-08-20,Cape Town,wind_speed_10m,12,2.3000000000000007,2.3000000000000007,-2.3000000000000007
2025-08-20T19:45:51Z,2025-08-20,Cape Town,wind_speed_10m,28,3.3000000000000007,3.3000000000000007,-3.3000000000000007
2025-08-20T19:45:51Z,2025-08-20,Cape Town,wind_speed_10m,29,3.3000000000000007,3.3000000000000007,-3.3000000000000007
2025-08-20T19:45:51Z,2025-08-20,Cape Town,wind_speed_10m,30,3.3000000000000007,3.3000000000000007,-3.3000000000000007
2025-08-20T19:45:51Z,2025-08-20,Cape Town,wind_speed_10m,31,4.2,4.2,-4.2
2025-08-20T19:45:51Z,2025-08-20,Cape Town,wind_speed_10m,32,4.2,4.2,-4.2
2025-08-20T19:45:51Z,2025-08-20,Cape Town,wind_speed_10m,33,4.2,4.2,-4.2
2025-08-20T19:45:51Z,2025-08-20,Cape Town,wind_speed_10m,34,4.2,4.2,-4.2
2025-08-20T19:45:51Z,2025-08-20,Cape Town,wind_speed_10m,35,4.2,4.2,-4.2
2025-08-20T19:45:51Z,2025-08-20,Cape Town,wind_speed_10m,36,4.2,4.2,-4.2
2025-08-20T19:45:51Z,2025-08-20,Cape Town,wind_speed_10m,37,4.2,4.2,-4.2
2025-08-20T19:45:51Z,2025-08-20,Cape Town,wind_speed_10m,38,2.0,2.0,-2.0
2025-08-20T19:45:51Z,2025-08-20,Cape Town,wind_speed_10m,39,2.0,2.0,-2.0
2025-08-20T19:45:51Z,2025-08-20,Cape Town,wind_speed_10m,70,0.40000000000000036,0.40000000000000036,-0.40000000000000036
2025-08-20T19:45:51Z,2025-08-20,Cape Town,wind_speed_10m,71,0.40000000000000036,0.40000000000000036,-0.40000000000000036
2025-08-20T19:45:51Z,2025-08-20,Cape Town,wind_speed_10m,72,0.40000000000000036,0.40000000000000036,-0.40000000000000036
2025-08-20T19:45:51Z,2025-08-20,Cape Town,wind_speed_10m,73,0.40000000000000036,0.40000000000000036,-0.40000000000000036
2025-08-20T19:45:51Z,2025-08-20,Cape Town,wind_speed_10m,74,1.9000000000000004,1.9000000000000004,-1.9000000000000004
2025-08-20T19:45:51Z,2025-08-20,Cape Town,wind_speed_10m,75,1.9000000000000004,1.9000000000000004,-1.9000000000000004
2025-08-20T19:45:51Z,2025-08-20,Cape Town,wind_speed_10m,76,1.9000000000000004,1.9000000000000004,-1.9000000000000004
2025-08-20T19:45:51Z,2025-08-20,Cape Town,wind_speed_10m,77,1.9000000000000004,1.9000000000000004,-1.9000000000000004
2025-08-20T19:45:51Z,2025-08-20,Cape Town,wind_speed_10m,78,1.9000000000000004,1.9000000000000004,-1.9000000000000004
2025-08-20T19:45:51Z,2025-08-20,Cape Town,wind_speed_10m,79,1.9000000000000004,1.9000000000000004,-1.9000000000000004
2025-08-20T19:45:51Z,2025-08-20,Cape Town,wind_speed_10m,80,0.5,0.5,-0.5
