day,city,var,horizon_hours,mae,rmse,bias
2025-08-16,Cape Town,precipitation,-18,0.1,0.1,0.1
2025-08-16,Cape Town,precipitation,-17,0.1,0.1,0.1
2025-08-16,Cape Town,precipitation,-16,0.1,0.1,0.1
2025-08-16,Cape Town,temperature_2m,-18,1.9000000000000004,1.9000000000000004,1.9000000000000004
2025-08-16,Cape Town,temperature_2m,-17,1.9000000000000004,1.9000000000000004,1.9000000000000004
2025-08-16,Cape Town,temperature_2m,-16,1.9000000000000004,1.9000000000000004,1.9000000000000004
2025-08-16,Cape Town,wind_speed_10m,-18,7.199999999999999,7.199999999999999,7.199999999999999
2025-08-16,Cape Town,wind_speed_10m,-17,7.199999999999999,7.199999999999999,7.199999999999999
2025-08-16,Cape Town,wind_speed_10m,-16,7.199999999999999,7.199999999999999,7.199999999999999
